Record_ID,Employee_ID,Month,Department,Compliance_Area,Requirement,Legal_Reference,Actual,Status,Risk_Level,Owner,Action_Due_Date,Closure_Status,Source_URL
COMP-EMP0001-01,EMP0001,2026-06-01,Quality Assurance,Appointment Letter,Appointment letter issued and retained,Bangladesh Labour Act s.5 / Rules,Yes,Compliant,Low,HR & Compliance,,Closed,https://bdlaws.minlaw.gov.bd/act-print-952.html
COMP-EMP0001-02,EMP0001,2026-06-01,Quality Assurance,Photo ID Card,Photo identity card issued,Bangladesh Labour Act s.5,Yes,Compliant,Low,HR & Compliance,,Closed,https://bdlaws.minlaw.gov.bd/act-print-952.html
COMP-EMP0001-03,EMP0001,2026-06-01,Quality Assurance,Wage Payment Deadline,Wages paid within seven working days after wage period,Bangladesh Labour Act s.123,Yes,Compliant,Low,HR & Compliance,,Closed,https://bdlaws.minlaw.gov.bd/act-print-952.html
COMP-EMP0001-04,EMP0001,2026-06-01,Quality Assurance,Configured Wage Floor,Pay meets current sector/grade wage gazette configured by the user,Bangladesh Labour Act ss.138-140,Yes,Compliant,Low,HR & Compliance,,Closed,https://bdlaws.minlaw.gov.bd/act-print-952.html
COMP-EMP0001-05,EMP0001,2026-06-01,Quality Assurance,Overtime Rate,Overtime is paid at the legally required double-rate basis,Bangladesh Labour Act s.108,Yes,Compliant,Low,HR & Compliance,,Closed,https://bdlaws.minlaw.gov.bd/act-print-952.html
COMP-EMP0001-06,EMP0001,2026-06-01,Quality Assurance,Working Hours,"Daily/weekly limits, rest break and weekly holiday controls",Bangladesh Labour Act ss.100-103,No,Non-Compliant,High,HR & Compliance,2026-07-31,Open,https://bdlaws.minlaw.gov.bd/act-print-952.html
COMP-EMP0001-07,EMP0001,2026-06-01,Quality Assurance,Leave Records,"Casual, sick, earned and festival leave records maintained",Bangladesh Labour Act ss.115-118,Compliant,Compliant,Low,HR & Compliance,,Closed,https://bdlaws.minlaw.gov.bd/act-print-952.html
COMP-EMP0001-08,EMP0001,2026-06-01,Quality Assurance,Payroll TDS Evidence,Salary withholding reviewed and evidence retained,Income Tax Act 2023 / WHT Rules 2026,Available,Compliant,Low,HR & Compliance,,Closed,https://nbr.gov.bd/regulations/rules/income-tax-rules/eng
COMP-EMP0001-09,EMP0001,2026-06-01,Quality Assurance,Benefit Enrollment,Eligible employee benefits are recorded and administered,Labour Act/Rules and company policy,Exception,Non-Compliant,Medium,HR & Compliance,2026-07-31,Open,https://bdlaws.minlaw.gov.bd/act-print-952.html
COMP-EMP0002-01,EMP0002,2026-06-01,Maintenance,Appointment Letter,Appointment letter issued and retained,Bangladesh Labour Act s.5 / Rules,Yes,Compliant,Low,HR & Compliance,,Closed,https://bdlaws.minlaw.gov.bd/act-print-952.html
COMP-EMP0002-02,EMP0002,2026-06-01,Maintenance,Photo ID Card,Photo identity card issued,Bangladesh Labour Act s.5,Yes,Compliant,Low,HR & Compliance,,Closed,https://bdlaws.minlaw.gov.bd/act-print-952.html
COMP-EMP0002-03,EMP0002,2026-06-01,Maintenance,Wage Payment Deadline,Wages paid within seven working days after wage period,Bangladesh Labour Act s.123,Yes,Compliant,Low,HR & Compliance,,Closed,https://bdlaws.minlaw.gov.bd/act-print-952.html
COMP-EMP0002-04,EMP0002,2026-06-01,Maintenance,Configured Wage Floor,Pay meets current sector/grade wage gazette configured by the user,Bangladesh Labour Act ss.138-140,Yes,Compliant,Low,HR & Compliance,,Closed,https://bdlaws.minlaw.gov.bd/act-print-952.html
COMP-EMP0002-05,EMP0002,2026-06-01,Maintenance,Overtime Rate,Overtime is paid at the legally required double-rate basis,Bangladesh Labour Act s.108,No,Non-Compliant,High,HR & Compliance,2026-07-31,Open,https://bdlaws.minlaw.gov.bd/act-print-952.html
COMP-EMP0002-06,EMP0002,2026-06-01,Maintenance,Working Hours,"Daily/weekly limits, rest break and weekly holiday controls",Bangladesh Labour Act ss.100-103,No,Non-Compliant,High,HR & Compliance,2026-07-31,Open,https://bdlaws.minlaw.gov.bd/act-print-952.html
COMP-EMP0002-07,EMP0002,2026-06-01,Maintenance,Leave Records,"Casual, sick, earned and festival leave records maintained",Bangladesh Labour Act ss.115-118,Compliant,Compliant,Low,HR & Compliance,,Closed,https://bdlaws.minlaw.gov.bd/act-print-952.html
COMP-EMP0002-08,EMP0002,2026-06-01,Maintenance,Payroll TDS Evidence,Salary withholding reviewed and evidence retained,Income Tax Act 2023 / WHT Rules 2026,Available,Compliant,Low,HR & Compliance,,Closed,https://nbr.gov.bd/regulations/rules/income-tax-rules/eng
COMP-EMP0002-09,EMP0002,2026-06-01,Maintenance,Benefit Enrollment,Eligible employee benefits are recorded and administered,Labour Act/Rules and company policy,Compliant,Compliant,Low,HR & Compliance,,Closed,https://bdlaws.minlaw.gov.bd/act-print-952.html
COMP-EMP0003-01,EMP0003,2026-06-01,Production,Appointment Letter,Appointment letter issued and retained,Bangladesh Labour Act s.5 / Rules,Yes,Compliant,Low,HR & Compliance,,Closed,https://bdlaws.minlaw.gov.bd/act-print-952.html
COMP-EMP0003-02,EMP0003,2026-06-01,Production,Photo ID Card,Photo identity card issued,Bangladesh Labour Act s.5,Yes,Compliant,Low,HR & Compliance,,Closed,https://bdlaws.minlaw.gov.bd/act-print-952.html
COMP-EMP0003-03,EMP0003,2026-06-01,Production,Wage Payment Deadline,Wages paid within seven working days after wage period,Bangladesh Labour Act s.123,No,Non-Compliant,High,HR & Compliance,2026-07-31,Open,https://bdlaws.minlaw.gov.bd/act-print-952.html
COMP-EMP0003-04,EMP0003,2026-06-01,Production,Configured Wage Floor,Pay meets current sector/grade wage gazette configured by the user,Bangladesh Labour Act ss.138-140,Yes,Compliant,Low,HR & Compliance,,Closed,https://bdlaws.minlaw.gov.bd/act-print-952.html
COMP-EMP0003-05,EMP0003,2026-06-01,Production,Overtime Rate,Overtime is paid at the legally required double-rate basis,Bangladesh Labour Act s.108,Yes,Compliant,Low,HR & Compliance,,Closed,https://bdlaws.minlaw.gov.bd/act-print-952.html
COMP-EMP0003-06,EMP0003,2026-06-01,Production,Working Hours,"Daily/weekly limits, rest break and weekly holiday controls",Bangladesh Labour Act ss.100-103,No,Non-Compliant,High,HR & Compliance,2026-07-31,Open,https://bdlaws.minlaw.gov.bd/act-print-952.html
COMP-EMP0003-07,EMP0003,2026-06-01,Production,Leave Records,"Casual, sick, earned and festival leave records maintained",Bangladesh Labour Act ss.115-118,Compliant,Compliant,Low,HR & Compliance,,Closed,https://bdlaws.minlaw.gov.bd/act-print-952.html
COMP-EMP0003-08,EMP0003,2026-06-01,Production,Payroll TDS Evidence,Salary withholding reviewed and evidence retained,Income Tax Act 2023 / WHT Rules 2026,Available,Compliant,Low,HR & Compliance,,Closed,https://nbr.gov.bd/regulations/rules/income-tax-rules/eng
COMP-EMP0003-09,EMP0003,2026-06-01,Production,Benefit Enrollment,Eligible employee benefits are recorded and administered,Labour Act/Rules and company policy,Compliant,Compliant,Low,HR & Compliance,,Closed,https://bdlaws.minlaw.gov.bd/act-print-952.html
COMP-EMP0004-01,EMP0004,2026-06-01,Supply Chain,Appointment Letter,Appointment letter issued and retained,Bangladesh Labour Act s.5 / Rules,Yes,Compliant,Low,HR & Compliance,,Closed,https://bdlaws.minlaw.gov.bd/act-print-952.html
COMP-EMP0004-02,EMP0004,2026-06-01,Supply Chain,Photo ID Card,Photo identity card issued,Bangladesh Labour Act s.5,Yes,Compliant,Low,HR & Compliance,,Closed,https://bdlaws.minlaw.gov.bd/act-print-952.html
COMP-EMP0004-03,EMP0004,2026-06-01,Supply Chain,Wage Payment Deadline,Wages paid within seven working days after wage period,Bangladesh Labour Act s.123,Yes,Compliant,Low,HR & Compliance,,Closed,https://bdlaws.minlaw.gov.bd/act-print-952.html
COMP-EMP0004-04,EMP0004,2026-06-01,Supply Chain,Configured Wage Floor,Pay meets current sector/grade wage gazette configured by the user,Bangladesh Labour Act ss.138-140,Yes,Compliant,Low,HR & Compliance,,Closed,https://bdlaws.minlaw.gov.bd/act-print-952.html
COMP-EMP0004-05,EMP0004,2026-06-01,Supply Chain,Overtime Rate,Overtime is paid at the legally required double-rate basis,Bangladesh Labour Act s.108,Yes,Compliant,Low,HR & Compliance,,Closed,https://bdlaws.minlaw.gov.bd/act-print-952.html
COMP-EMP0004-06,EMP0004,2026-06-01,Supply Chain,Working Hours,"Daily/weekly limits, rest break and weekly holiday controls",Bangladesh Labour Act ss.100-103,Yes,Compliant,Low,HR & Compliance,,Closed,https://bdlaws.minlaw.gov.bd/act-print-952.html
COMP-EMP0004-07,EMP0004,2026-06-01,Supply Chain,Leave Records,"Casual, sick, earned and festival leave records maintained",Bangladesh Labour Act ss.115-118,Compliant,Compliant,Low,HR & Compliance,,Closed,https://bdlaws.minlaw.gov.bd/act-print-952.html
COMP-EMP0004-08,EMP0004,2026-06-01,Supply Chain,Payroll TDS Evidence,Salary withholding reviewed and evidence retained,Income Tax Act 2023 / WHT Rules 2026,Available,Compliant,Low,HR & Compliance,,Closed,https://nbr.gov.bd/regulations/rules/income-tax-rules/eng
COMP-EMP0004-09,EMP0004,2026-06-01,Supply Chain,Benefit Enrollment,Eligible employee benefits are recorded and administered,Labour Act/Rules and company policy,Compliant,Compliant,Low,HR & Compliance,,Closed,https://bdlaws.minlaw.gov.bd/act-print-952.html
COMP-EMP0005-01,EMP0005,2026-06-01,Human Resources,Appointment Letter,Appointment letter issued and retained,Bangladesh Labour Act s.5 / Rules,Yes,Compliant,Low,HR & Compliance,,Closed,https://bdlaws.minlaw.gov.bd/act-print-952.html
COMP-EMP0005-02,EMP0005,2026-06-01,Human Resources,Photo ID Card,Photo identity card issued,Bangladesh Labour Act s.5,Yes,Compliant,Low,HR & Compliance,,Closed,https://bdlaws.minlaw.gov.bd/act-print-952.html
COMP-EMP0005-03,EMP0005,2026-06-01,Human Resources,Wage Payment Deadline,Wages paid within seven working days after wage period,Bangladesh Labour Act s.123,Yes,Compliant,Low,HR & Compliance,,Closed,https://bdlaws.minlaw.gov.bd/act-print-952.html
COMP-EMP0005-04,EMP0005,2026-06-01,Human Resources,Configured Wage Floor,Pay meets current sector/grade wage gazette configured by the user,Bangladesh Labour Act ss.138-140,Yes,Compliant,Low,HR & Compliance,,Closed,https://bdlaws.minlaw.gov.bd/act-print-952.html
COMP-EMP0005-05,EMP0005,2026-06-01,Human Resources,Overtime Rate,Overtime is paid at the legally required double-rate basis,Bangladesh Labour Act s.108,No,Non-Compliant,High,HR & Compliance,2026-07-31,Open,https://bdlaws.minlaw.gov.bd/act-print-952.html
COMP-EMP0005-06,EMP0005,2026-06-01,Human Resources,Working Hours,"Daily/weekly limits, rest break and weekly holiday controls",Bangladesh Labour Act ss.100-103,Yes,Compliant,Low,HR & Compliance,,Closed,https://bdlaws.minlaw.gov.bd/act-print-952.html
COMP-EMP0005-07,EMP0005,2026-06-01,Human Resources,Leave Records,"Casual, sick, earned and festival leave records maintained",Bangladesh Labour Act ss.115-118,Compliant,Compliant,Low,HR & Compliance,,Closed,https://bdlaws.minlaw.gov.bd/act-print-952.html
COMP-EMP0005-08,EMP0005,2026-06-01,Human Resources,Payroll TDS Evidence,Salary withholding reviewed and evidence retained,Income Tax Act 2023 / WHT Rules 2026,Available,Compliant,Low,HR & Compliance,,Closed,https://nbr.gov.bd/regulations/rules/income-tax-rules/eng
COMP-EMP0005-09,EMP0005,2026-06-01,Human Resources,Benefit Enrollment,Eligible employee benefits are recorded and administered,Labour Act/Rules and company policy,Compliant,Compliant,Low,HR & Compliance,,Closed,https://bdlaws.minlaw.gov.bd/act-print-952.html
COMP-EMP0006-01,EMP0006,2026-06-01,Production,Appointment Letter,Appointment letter issued and retained,Bangladesh Labour Act s.5 / Rules,Yes,Compliant,Low,HR & Compliance,,Closed,https://bdlaws.minlaw.gov.bd/act-print-952.html
COMP-EMP0006-02,EMP0006,2026-06-01,Production,Photo ID Card,Photo identity card issued,Bangladesh Labour Act s.5,Yes,Compliant,Low,HR & Compliance,,Closed,https://bdlaws.minlaw.gov.bd/act-print-952.html
COMP-EMP0006-03,EMP0006,2026-06-01,Production,Wage Payment Deadline,Wages paid within seven working days after wage period,Bangladesh Labour Act s.123,Yes,Compliant,Low,HR & Compliance,,Closed,https://bdlaws.minlaw.gov.bd/act-print-952.html
COMP-EMP0006-04,EMP0006,2026-06-01,Production,Configured Wage Floor,Pay meets current sector/grade wage gazette configured by the user,Bangladesh Labour Act ss.138-140,Yes,Compliant,Low,HR & Compliance,,Closed,https://bdlaws.minlaw.gov.bd/act-print-952.html
COMP-EMP0006-05,EMP0006,2026-06-01,Production,Overtime Rate,Overtime is paid at the legally required double-rate basis,Bangladesh Labour Act s.108,Yes,Compliant,Low,HR & Compliance,,Closed,https://bdlaws.minlaw.gov.bd/act-print-952.html
COMP-EMP0006-06,EMP0006,2026-06-01,Production,Working Hours,"Daily/weekly limits, rest break and weekly holiday controls",Bangladesh Labour Act ss.100-103,No,Non-Compliant,High,HR & Compliance,2026-07-31,Open,https://bdlaws.minlaw.gov.bd/act-print-952.html
COMP-EMP0006-07,EMP0006,2026-06-01,Production,Leave Records,"Casual, sick, earned and festival leave records maintained",Bangladesh Labour Act ss.115-118,Compliant,Compliant,Low,HR & Compliance,,Closed,https://bdlaws.minlaw.gov.bd/act-print-952.html
COMP-EMP0006-08,EMP0006,2026-06-01,Production,Payroll TDS Evidence,Salary withholding reviewed and evidence retained,Income Tax Act 2023 / WHT Rules 2026,Available,Compliant,Low,HR & Compliance,,Closed,https://nbr.gov.bd/regulations/rules/income-tax-rules/eng
COMP-EMP0006-09,EMP0006,2026-06-01,Production,Benefit Enrollment,Eligible employee benefits are recorded and administered,Labour Act/Rules and company policy,Compliant,Compliant,Low,HR & Compliance,,Closed,https://bdlaws.minlaw.gov.bd/act-print-952.html
COMP-EMP0007-01,EMP0007,2026-06-01,Production,Appointment Letter,Appointment letter issued and retained,Bangladesh Labour Act s.5 / Rules,Yes,Compliant,Low,HR & Compliance,,Closed,https://bdlaws.minlaw.gov.bd/act-print-952.html
COMP-EMP0007-02,EMP0007,2026-06-01,Production,Photo ID Card,Photo identity card issued,Bangladesh Labour Act s.5,Yes,Compliant,Low,HR & Compliance,,Closed,https://bdlaws.minlaw.gov.bd/act-print-952.html
COMP-EMP0007-03,EMP0007,2026-06-01,Production,Wage Payment Deadline,Wages paid within seven working days after wage period,Bangladesh Labour Act s.123,Yes,Compliant,Low,HR & Compliance,,Closed,https://bdlaws.minlaw.gov.bd/act-print-952.html
COMP-EMP0007-04,EMP0007,2026-06-01,Production,Configured Wage Floor,Pay meets current sector/grade wage gazette configured by the user,Bangladesh Labour Act ss.138-140,Yes,Compliant,Low,HR & Compliance,,Closed,https://bdlaws.minlaw.gov.bd/act-print-952.html
COMP-EMP0007-05,EMP0007,2026-06-01,Production,Overtime Rate,Overtime is paid at the legally required double-rate basis,Bangladesh Labour Act s.108,Yes,Compliant,Low,HR & Compliance,,Closed,https://bdlaws.minlaw.gov.bd/act-print-952.html
COMP-EMP0007-06,EMP0007,2026-06-01,Production,Working Hours,"Daily/weekly limits, rest break and weekly holiday controls",Bangladesh Labour Act ss.100-103,Yes,Compliant,Low,HR & Compliance,,Closed,https://bdlaws.minlaw.gov.bd/act-print-952.html
COMP-EMP0007-07,EMP0007,2026-06-01,Production,Leave Records,"Casual, sick, earned and festival leave records maintained",Bangladesh Labour Act ss.115-118,Compliant,Compliant,Low,HR & Compliance,,Closed,https://bdlaws.minlaw.gov.bd/act-print-952.html
COMP-EMP0007-08,EMP0007,2026-06-01,Production,Payroll TDS Evidence,Salary withholding reviewed and evidence retained,Income Tax Act 2023 / WHT Rules 2026,Not Required/Below Threshold,Compliant,Low,HR & Compliance,,Closed,https://nbr.gov.bd/regulations/rules/income-tax-rules/eng
COMP-EMP0007-09,EMP0007,2026-06-01,Production,Benefit Enrollment,Eligible employee benefits are recorded and administered,Labour Act/Rules and company policy,Compliant,Compliant,Low,HR & Compliance,,Closed,https://bdlaws.minlaw.gov.bd/act-print-952.html
COMP-EMP0008-01,EMP0008,2026-06-01,Sales & Marketing,Appointment Letter,Appointment letter issued and retained,Bangladesh Labour Act s.5 / Rules,Yes,Compliant,Low,HR & Compliance,,Closed,https://bdlaws.minlaw.gov.bd/act-print-952.html
COMP-EMP0008-02,EMP0008,2026-06-01,Sales & Marketing,Photo ID Card,Photo identity card issued,Bangladesh Labour Act s.5,Yes,Compliant,Low,HR & Compliance,,Closed,https://bdlaws.minlaw.gov.bd/act-print-952.html
COMP-EMP0008-03,EMP0008,2026-06-01,Sales & Marketing,Wage Payment Deadline,Wages paid within seven working days after wage period,Bangladesh Labour Act s.123,Yes,Compliant,Low,HR & Compliance,,Closed,https://bdlaws.minlaw.gov.bd/act-print-952.html
COMP-EMP0008-04,EMP0008,2026-06-01,Sales & Marketing,Configured Wage Floor,Pay meets current sector/grade wage gazette configured by the user,Bangladesh Labour Act ss.138-140,Yes,Compliant,Low,HR & Compliance,,Closed,https://bdlaws.minlaw.gov.bd/act-print-952.html
COMP-EMP0008-05,EMP0008,2026-06-01,Sales & Marketing,Overtime Rate,Overtime is paid at the legally required double-rate basis,Bangladesh Labour Act s.108,Yes,Compliant,Low,HR & Compliance,,Closed,https://bdlaws.minlaw.gov.bd/act-print-952.html
COMP-EMP0008-06,EMP0008,2026-06-01,Sales & Marketing,Working Hours,"Daily/weekly limits, rest break and weekly holiday controls",Bangladesh Labour Act ss.100-103,No,Non-Compliant,High,HR & Compliance,2026-07-31,Open,https://bdlaws.minlaw.gov.bd/act-print-952.html
COMP-EMP0008-07,EMP0008,2026-06-01,Sales & Marketing,Leave Records,"Casual, sick, earned and festival leave records maintained",Bangladesh Labour Act ss.115-118,Compliant,Compliant,Low,HR & Compliance,,Closed,https://bdlaws.minlaw.gov.bd/act-print-952.html
COMP-EMP0008-08,EMP0008,2026-06-01,Sales & Marketing,Payroll TDS Evidence,Salary withholding reviewed and evidence retained,Income Tax Act 2023 / WHT Rules 2026,Not Required/Below Threshold,Compliant,Low,HR & Compliance,,Closed,https://nbr.gov.bd/regulations/rules/income-tax-rules/eng
COMP-EMP0008-09,EMP0008,2026-06-01,Sales & Marketing,Benefit Enrollment,Eligible employee benefits are recorded and administered,Labour Act/Rules and company policy,Compliant,Compliant,Low,HR & Compliance,,Closed,https://bdlaws.minlaw.gov.bd/act-print-952.html
COMP-EMP0009-01,EMP0009,2026-06-01,Information Technology,Appointment Letter,Appointment letter issued and retained,Bangladesh Labour Act s.5 / Rules,No,Non-Compliant,High,HR & Compliance,2026-07-31,Open,https://bdlaws.minlaw.gov.bd/act-print-952.html
COMP-EMP0009-02,EMP0009,2026-06-01,Information Technology,Photo ID Card,Photo identity card issued,Bangladesh Labour Act s.5,Yes,Compliant,Low,HR & Compliance,,Closed,https://bdlaws.minlaw.gov.bd/act-print-952.html
COMP-EMP0009-03,EMP0009,2026-06-01,Information Technology,Wage Payment Deadline,Wages paid within seven working days after wage period,Bangladesh Labour Act s.123,Yes,Compliant,Low,HR & Compliance,,Closed,https://bdlaws.minlaw.gov.bd/act-print-952.html
COMP-EMP0009-04,EMP0009,2026-06-01,Information Technology,Configured Wage Floor,Pay meets current sector/grade wage gazette configured by the user,Bangladesh Labour Act ss.138-140,Yes,Compliant,Low,HR & Compliance,,Closed,https://bdlaws.minlaw.gov.bd/act-print-952.html
COMP-EMP0009-05,EMP0009,2026-06-01,Information Technology,Overtime Rate,Overtime is paid at the legally required double-rate basis,Bangladesh Labour Act s.108,Yes,Compliant,Low,HR & Compliance,,Closed,https://bdlaws.minlaw.gov.bd/act-print-952.html
COMP-EMP0009-06,EMP0009,2026-06-01,Information Technology,Working Hours,"Daily/weekly limits, rest break and weekly holiday controls",Bangladesh Labour Act ss.100-103,Yes,Compliant,Low,HR & Compliance,,Closed,https://bdlaws.minlaw.gov.bd/act-print-952.html
COMP-EMP0009-07,EMP0009,2026-06-01,Information Technology,Leave Records,"Casual, sick, earned and festival leave records maintained",Bangladesh Labour Act ss.115-118,Compliant,Compliant,Low,HR & Compliance,,Closed,https://bdlaws.minlaw.gov.bd/act-print-952.html
COMP-EMP0009-08,EMP0009,2026-06-01,Information Technology,Payroll TDS Evidence,Salary withholding reviewed and evidence retained,Income Tax Act 2023 / WHT Rules 2026,Available,Compliant,Low,HR & Compliance,,Closed,https://nbr.gov.bd/regulations/rules/income-tax-rules/eng
COMP-EMP0009-09,EMP0009,2026-06-01,Information Technology,Benefit Enrollment,Eligible employee benefits are recorded and administered,Labour Act/Rules and company policy,Exception,Non-Compliant,Medium,HR & Compliance,2026-07-31,Open,https://bdlaws.minlaw.gov.bd/act-print-952.html
COMP-EMP0010-01,EMP0010,2026-06-01,Sales & Marketing,Appointment Letter,Appointment letter issued and retained,Bangladesh Labour Act s.5 / Rules,Yes,Compliant,Low,HR & Compliance,,Closed,https://bdlaws.minlaw.gov.bd/act-print-952.html
COMP-EMP0010-02,EMP0010,2026-06-01,Sales & Marketing,Photo ID Card,Photo identity card issued,Bangladesh Labour Act s.5,Yes,Compliant,Low,HR & Compliance,,Closed,https://bdlaws.minlaw.gov.bd/act-print-952.html
COMP-EMP0010-03,EMP0010,2026-06-01,Sales & Marketing,Wage Payment Deadline,Wages paid within seven working days after wage period,Bangladesh Labour Act s.123,Yes,Compliant,Low,HR & Compliance,,Closed,https://bdlaws.minlaw.gov.bd/act-print-952.html
COMP-EMP0010-04,EMP0010,2026-06-01,Sales & Marketing,Configured Wage Floor,Pay meets current sector/grade wage gazette configured by the user,Bangladesh Labour Act ss.138-140,Yes,Compliant,Low,HR & Compliance,,Closed,https://bdlaws.minlaw.gov.bd/act-print-952.html
COMP-EMP0010-05,EMP0010,2026-06-01,Sales & Marketing,Overtime Rate,Overtime is paid at the legally required double-rate basis,Bangladesh Labour Act s.108,Yes,Compliant,Low,HR & Compliance,,Closed,https://bdlaws.minlaw.gov.bd/act-print-952.html
COMP-EMP0010-06,EMP0010,2026-06-01,Sales & Marketing,Working Hours,"Daily/weekly limits, rest break and weekly holiday controls",Bangladesh Labour Act ss.100-103,Yes,Compliant,Low,HR & Compliance,,Closed,https://bdlaws.minlaw.gov.bd/act-print-952.html
COMP-EMP0010-07,EMP0010,2026-06-01,Sales & Marketing,Leave Records,"Casual, sick, earned and festival leave records maintained",Bangladesh Labour Act ss.115-118,Compliant,Compliant,Low,HR & Compliance,,Closed,https://bdlaws.minlaw.gov.bd/act-print-952.html
COMP-EMP0010-08,EMP0010,2026-06-01,Sales & Marketing,Payroll TDS Evidence,Salary withholding reviewed and evidence retained,Income Tax Act 2023 / WHT Rules 2026,Available,Compliant,Low,HR & Compliance,,Closed,https://nbr.gov.bd/regulations/rules/income-tax-rules/eng
COMP-EMP0010-09,EMP0010,2026-06-01,Sales & Marketing,Benefit Enrollment,Eligible employee benefits are recorded and administered,Labour Act/Rules and company policy,Compliant,Compliant,Low,HR & Compliance,,Closed,https://bdlaws.minlaw.gov.bd/act-print-952.html
COMP-EMP0011-01,EMP0011,2026-06-01,Human Resources,Appointment Letter,Appointment letter issued and retained,Bangladesh Labour Act s.5 / Rules,Yes,Compliant,Low,HR & Compliance,,Closed,https://bdlaws.minlaw.gov.bd/act-print-952.html
COMP-EMP0011-02,EMP0011,2026-06-01,Human Resources,Photo ID Card,Photo identity card issued,Bangladesh Labour Act s.5,Yes,Compliant,Low,HR & Compliance,,Closed,https://bdlaws.minlaw.gov.bd/act-print-952.html
COMP-EMP0011-03,EMP0011,2026-06-01,Human Resources,Wage Payment Deadline,Wages paid within seven working days after wage period,Bangladesh Labour Act s.123,Yes,Compliant,Low,HR & Compliance,,Closed,https://bdlaws.minlaw.gov.bd/act-print-952.html
COMP-EMP0011-04,EMP0011,2026-06-01,Human Resources,Configured Wage Floor,Pay meets current sector/grade wage gazette configured by the user,Bangladesh Labour Act ss.138-140,Yes,Compliant,Low,HR & Compliance,,Closed,https://bdlaws.minlaw.gov.bd/act-print-952.html
COMP-EMP0011-05,EMP0011,2026-06-01,Human Resources,Overtime Rate,Overtime is paid at the legally required double-rate basis,Bangladesh Labour Act s.108,Yes,Compliant,Low,HR & Compliance,,Closed,https://bdlaws.minlaw.gov.bd/act-print-952.html
COMP-EMP0011-06,EMP0011,2026-06-01,Human Resources,Working Hours,"Daily/weekly limits, rest break and weekly holiday controls",Bangladesh Labour Act ss.100-103,Yes,Compliant,Low,HR & Compliance,,Closed,https://bdlaws.minlaw.gov.bd/act-print-952.html
COMP-EMP0011-07,EMP0011,2026-06-01,Human Resources,Leave Records,"Casual, sick, earned and festival leave records maintained",Bangladesh Labour Act ss.115-118,Compliant,Compliant,Low,HR & Compliance,,Closed,https://bdlaws.minlaw.gov.bd/act-print-952.html
COMP-EMP0011-08,EMP0011,2026-06-01,Human Resources,Payroll TDS Evidence,Salary withholding reviewed and evidence retained,Income Tax Act 2023 / WHT Rules 2026,Available,Compliant,Low,HR & Compliance,,Closed,https://nbr.gov.bd/regulations/rules/income-tax-rules/eng
COMP-EMP0011-09,EMP0011,2026-06-01,Human Resources,Benefit Enrollment,Eligible employee benefits are recorded and administered,Labour Act/Rules and company policy,Compliant,Compliant,Low,HR & Compliance,,Closed,https://bdlaws.minlaw.gov.bd/act-print-952.html
COMP-EMP0012-01,EMP0012,2026-06-01,Quality Assurance,Appointment Letter,Appointment letter issued and retained,Bangladesh Labour Act s.5 / Rules,Yes,Compliant,Low,HR & Compliance,,Closed,https://bdlaws.minlaw.gov.bd/act-print-952.html
COMP-EMP0012-02,EMP0012,2026-06-01,Quality Assurance,Photo ID Card,Photo identity card issued,Bangladesh Labour Act s.5,Yes,Compliant,Low,HR & Compliance,,Closed,https://bdlaws.minlaw.gov.bd/act-print-952.html
COMP-EMP0012-03,EMP0012,2026-06-01,Quality Assurance,Wage Payment Deadline,Wages paid within seven working days after wage period,Bangladesh Labour Act s.123,Yes,Compliant,Low,HR & Compliance,,Closed,https://bdlaws.minlaw.gov.bd/act-print-952.html
COMP-EMP0012-04,EMP0012,2026-06-01,Quality Assurance,Configured Wage Floor,Pay meets current sector/grade wage gazette configured by the user,Bangladesh Labour Act ss.138-140,Yes,Compliant,Low,HR & Compliance,,Closed,https://bdlaws.minlaw.gov.bd/act-print-952.html
COMP-EMP0012-05,EMP0012,2026-06-01,Quality Assurance,Overtime Rate,Overtime is paid at the legally required double-rate basis,Bangladesh Labour Act s.108,Yes,Compliant,Low,HR & Compliance,,Closed,https://bdlaws.minlaw.gov.bd/act-print-952.html
COMP-EMP0012-06,EMP0012,2026-06-01,Quality Assurance,Working Hours,"Daily/weekly limits, rest break and weekly holiday controls",Bangladesh Labour Act ss.100-103,No,Non-Compliant,High,HR & Compliance,2026-07-31,Open,https://bdlaws.minlaw.gov.bd/act-print-952.html
COMP-EMP0012-07,EMP0012,2026-06-01,Quality Assurance,Leave Records,"Casual, sick, earned and festival leave records maintained",Bangladesh Labour Act ss.115-118,Compliant,Compliant,Low,HR & Compliance,,Closed,https://bdlaws.minlaw.gov.bd/act-print-952.html
COMP-EMP0012-08,EMP0012,2026-06-01,Quality Assurance,Payroll TDS Evidence,Salary withholding reviewed and evidence retained,Income Tax Act 2023 / WHT Rules 2026,Available,Compliant,Low,HR & Compliance,,Closed,https://nbr.gov.bd/regulations/rules/income-tax-rules/eng
COMP-EMP0012-09,EMP0012,2026-06-01,Quality Assurance,Benefit Enrollment,Eligible employee benefits are recorded and administered,Labour Act/Rules and company policy,Exception,Non-Compliant,Medium,HR & Compliance,2026-07-31,Open,https://bdlaws.minlaw.gov.bd/act-print-952.html
COMP-EMP0013-01,EMP0013,2026-06-01,Maintenance,Appointment Letter,Appointment letter issued and retained,Bangladesh Labour Act s.5 / Rules,Yes,Compliant,Low,HR & Compliance,,Closed,https://bdlaws.minlaw.gov.bd/act-print-952.html
COMP-EMP0013-02,EMP0013,2026-06-01,Maintenance,Photo ID Card,Photo identity card issued,Bangladesh Labour Act s.5,Yes,Compliant,Low,HR & Compliance,,Closed,https://bdlaws.minlaw.gov.bd/act-print-952.html
COMP-EMP0013-03,EMP0013,2026-06-01,Maintenance,Wage Payment Deadline,Wages paid within seven working days after wage period,Bangladesh Labour Act s.123,Yes,Compliant,Low,HR & Compliance,,Closed,https://bdlaws.minlaw.gov.bd/act-print-952.html
COMP-EMP0013-04,EMP0013,2026-06-01,Maintenance,Configured Wage Floor,Pay meets current sector/grade wage gazette configured by the user,Bangladesh Labour Act ss.138-140,Yes,Compliant,Low,HR & Compliance,,Closed,https://bdlaws.minlaw.gov.bd/act-print-952.html
COMP-EMP0013-05,EMP0013,2026-06-01,Maintenance,Overtime Rate,Overtime is paid at the legally required double-rate basis,Bangladesh Labour Act s.108,Yes,Compliant,Low,HR & Compliance,,Closed,https://bdlaws.minlaw.gov.bd/act-print-952.html
COMP-EMP0013-06,EMP0013,2026-06-01,Maintenance,Working Hours,"Daily/weekly limits, rest break and weekly holiday controls",Bangladesh Labour Act ss.100-103,No,Non-Compliant,High,HR & Compliance,2026-07-31,Open,https://bdlaws.minlaw.gov.bd/act-print-952.html
COMP-EMP0013-07,EMP0013,2026-06-01,Maintenance,Leave Records,"Casual, sick, earned and festival leave records maintained",Bangladesh Labour Act ss.115-118,Compliant,Compliant,Low,HR & Compliance,,Closed,https://bdlaws.minlaw.gov.bd/act-print-952.html
COMP-EMP0013-08,EMP0013,2026-06-01,Maintenance,Payroll TDS Evidence,Salary withholding reviewed and evidence retained,Income Tax Act 2023 / WHT Rules 2026,Available,Compliant,Low,HR & Compliance,,Closed,https://nbr.gov.bd/regulations/rules/income-tax-rules/eng
COMP-EMP0013-09,EMP0013,2026-06-01,Maintenance,Benefit Enrollment,Eligible employee benefits are recorded and administered,Labour Act/Rules and company policy,Compliant,Compliant,Low,HR & Compliance,,Closed,https://bdlaws.minlaw.gov.bd/act-print-952.html
COMP-EMP0014-01,EMP0014,2026-06-01,Maintenance,Appointment Letter,Appointment letter issued and retained,Bangladesh Labour Act s.5 / Rules,Yes,Compliant,Low,HR & Compliance,,Closed,https://bdlaws.minlaw.gov.bd/act-print-952.html
COMP-EMP0014-02,EMP0014,2026-06-01,Maintenance,Photo ID Card,Photo identity card issued,Bangladesh Labour Act s.5,Yes,Compliant,Low,HR & Compliance,,Closed,https://bdlaws.minlaw.gov.bd/act-print-952.html
COMP-EMP0014-03,EMP0014,2026-06-01,Maintenance,Wage Payment Deadline,Wages paid within seven working days after wage period,Bangladesh Labour Act s.123,No,Non-Compliant,High,HR & Compliance,2026-07-31,Open,https://bdlaws.minlaw.gov.bd/act-print-952.html
COMP-EMP0014-04,EMP0014,2026-06-01,Maintenance,Configured Wage Floor,Pay meets current sector/grade wage gazette configured by the user,Bangladesh Labour Act ss.138-140,Yes,Compliant,Low,HR & Compliance,,Closed,https://bdlaws.minlaw.gov.bd/act-print-952.html
COMP-EMP0014-05,EMP0014,2026-06-01,Maintenance,Overtime Rate,Overtime is paid at the legally required double-rate basis,Bangladesh Labour Act s.108,Yes,Compliant,Low,HR & Compliance,,Closed,https://bdlaws.minlaw.gov.bd/act-print-952.html
COMP-EMP0014-06,EMP0014,2026-06-01,Maintenance,Working Hours,"Daily/weekly limits, rest break and weekly holiday controls",Bangladesh Labour Act ss.100-103,Yes,Compliant,Low,HR & Compliance,,Closed,https://bdlaws.minlaw.gov.bd/act-print-952.html
COMP-EMP0014-07,EMP0014,2026-06-01,Maintenance,Leave Records,"Casual, sick, earned and festival leave records maintained",Bangladesh Labour Act ss.115-118,Compliant,Compliant,Low,HR & Compliance,,Closed,https://bdlaws.minlaw.gov.bd/act-print-952.html
COMP-EMP0014-08,EMP0014,2026-06-01,Maintenance,Payroll TDS Evidence,Salary withholding reviewed and evidence retained,Income Tax Act 2023 / WHT Rules 2026,Not Required/Below Threshold,Compliant,Low,HR & Compliance,,Closed,https://nbr.gov.bd/regulations/rules/income-tax-rules/eng
COMP-EMP0014-09,EMP0014,2026-06-01,Maintenance,Benefit Enrollment,Eligible employee benefits are recorded and administered,Labour Act/Rules and company policy,Compliant,Compliant,Low,HR & Compliance,,Closed,https://bdlaws.minlaw.gov.bd/act-print-952.html
COMP-EMP0015-01,EMP0015,2026-06-01,Maintenance,Appointment Letter,Appointment letter issued and retained,Bangladesh Labour Act s.5 / Rules,Yes,Compliant,Low,HR & Compliance,,Closed,https://bdlaws.minlaw.gov.bd/act-print-952.html
COMP-EMP0015-02,EMP0015,2026-06-01,Maintenance,Photo ID Card,Photo identity card issued,Bangladesh Labour Act s.5,Yes,Compliant,Low,HR & Compliance,,Closed,https://bdlaws.minlaw.gov.bd/act-print-952.html
COMP-EMP0015-03,EMP0015,2026-06-01,Maintenance,Wage Payment Deadline,Wages paid within seven working days after wage period,Bangladesh Labour Act s.123,Yes,Compliant,Low,HR & Compliance,,Closed,https://bdlaws.minlaw.gov.bd/act-print-952.html
COMP-EMP0015-04,EMP0015,2026-06-01,Maintenance,Configured Wage Floor,Pay meets current sector/grade wage gazette configured by the user,Bangladesh Labour Act ss.138-140,Yes,Compliant,Low,HR & Compliance,,Closed,https://bdlaws.minlaw.gov.bd/act-print-952.html
COMP-EMP0015-05,EMP0015,2026-06-01,Maintenance,Overtime Rate,Overtime is paid at the legally required double-rate basis,Bangladesh Labour Act s.108,Yes,Compliant,Low,HR & Compliance,,Closed,https://bdlaws.minlaw.gov.bd/act-print-952.html
COMP-EMP0015-06,EMP0015,2026-06-01,Maintenance,Working Hours,"Daily/weekly limits, rest break and weekly holiday controls",Bangladesh Labour Act ss.100-103,Yes,Compliant,Low,HR & Compliance,,Closed,https://bdlaws.minlaw.gov.bd/act-print-952.html
COMP-EMP0015-07,EMP0015,2026-06-01,Maintenance,Leave Records,"Casual, sick, earned and festival leave records maintained",Bangladesh Labour Act ss.115-118,Compliant,Compliant,Low,HR & Compliance,,Closed,https://bdlaws.minlaw.gov.bd/act-print-952.html
COMP-EMP0015-08,EMP0015,2026-06-01,Maintenance,Payroll TDS Evidence,Salary withholding reviewed and evidence retained,Income Tax Act 2023 / WHT Rules 2026,Not Required/Below Threshold,Compliant,Low,HR & Compliance,,Closed,https://nbr.gov.bd/regulations/rules/income-tax-rules/eng
COMP-EMP0015-09,EMP0015,2026-06-01,Maintenance,Benefit Enrollment,Eligible employee benefits are recorded and administered,Labour Act/Rules and company policy,Compliant,Compliant,Low,HR & Compliance,,Closed,https://bdlaws.minlaw.gov.bd/act-print-952.html
COMP-EMP0016-01,EMP0016,2026-06-01,Finance & Accounts,Appointment Letter,Appointment letter issued and retained,Bangladesh Labour Act s.5 / Rules,Yes,Compliant,Low,HR & Compliance,,Closed,https://bdlaws.minlaw.gov.bd/act-print-952.html
COMP-EMP0016-02,EMP0016,2026-06-01,Finance & Accounts,Photo ID Card,Photo identity card issued,Bangladesh Labour Act s.5,Yes,Compliant,Low,HR & Compliance,,Closed,https://bdlaws.minlaw.gov.bd/act-print-952.html
COMP-EMP0016-03,EMP0016,2026-06-01,Finance & Accounts,Wage Payment Deadline,Wages paid within seven working days after wage period,Bangladesh Labour Act s.123,Yes,Compliant,Low,HR & Compliance,,Closed,https://bdlaws.minlaw.gov.bd/act-print-952.html
COMP-EMP0016-04,EMP0016,2026-06-01,Finance & Accounts,Configured Wage Floor,Pay meets current sector/grade wage gazette configured by the user,Bangladesh Labour Act ss.138-140,Yes,Compliant,Low,HR & Compliance,,Closed,https://bdlaws.minlaw.gov.bd/act-print-952.html
COMP-EMP0016-05,EMP0016,2026-06-01,Finance & Accounts,Overtime Rate,Overtime is paid at the legally required double-rate basis,Bangladesh Labour Act s.108,Yes,Compliant,Low,HR & Compliance,,Closed,https://bdlaws.minlaw.gov.bd/act-print-952.html
COMP-EMP0016-06,EMP0016,2026-06-01,Finance & Accounts,Working Hours,"Daily/weekly limits, rest break and weekly holiday controls",Bangladesh Labour Act ss.100-103,Yes,Compliant,Low,HR & Compliance,,Closed,https://bdlaws.minlaw.gov.bd/act-print-952.html
COMP-EMP0016-07,EMP0016,2026-06-01,Finance & Accounts,Leave Records,"Casual, sick, earned and festival leave records maintained",Bangladesh Labour Act ss.115-118,Compliant,Compliant,Low,HR & Compliance,,Closed,https://bdlaws.minlaw.gov.bd/act-print-952.html
COMP-EMP0016-08,EMP0016,2026-06-01,Finance & Accounts,Payroll TDS Evidence,Salary withholding reviewed and evidence retained,Income Tax Act 2023 / WHT Rules 2026,Available,Compliant,Low,HR & Compliance,,Closed,https://nbr.gov.bd/regulations/rules/income-tax-rules/eng
COMP-EMP0016-09,EMP0016,2026-06-01,Finance & Accounts,Benefit Enrollment,Eligible employee benefits are recorded and administered,Labour Act/Rules and company policy,Compliant,Compliant,Low,HR & Compliance,,Closed,https://bdlaws.minlaw.gov.bd/act-print-952.html
COMP-EMP0017-01,EMP0017,2026-06-01,Production,Appointment Letter,Appointment letter issued and retained,Bangladesh Labour Act s.5 / Rules,Yes,Compliant,Low,HR & Compliance,,Closed,https://bdlaws.minlaw.gov.bd/act-print-952.html
COMP-EMP0017-02,EMP0017,2026-06-01,Production,Photo ID Card,Photo identity card issued,Bangladesh Labour Act s.5,Yes,Compliant,Low,HR & Compliance,,Closed,https://bdlaws.minlaw.gov.bd/act-print-952.html
COMP-EMP0017-03,EMP0017,2026-06-01,Production,Wage Payment Deadline,Wages paid within seven working days after wage period,Bangladesh Labour Act s.123,Yes,Compliant,Low,HR & Compliance,,Closed,https://bdlaws.minlaw.gov.bd/act-print-952.html
COMP-EMP0017-04,EMP0017,2026-06-01,Production,Configured Wage Floor,Pay meets current sector/grade wage gazette configured by the user,Bangladesh Labour Act ss.138-140,Yes,Compliant,Low,HR & Compliance,,Closed,https://bdlaws.minlaw.gov.bd/act-print-952.html
COMP-EMP0017-05,EMP0017,2026-06-01,Production,Overtime Rate,Overtime is paid at the legally required double-rate basis,Bangladesh Labour Act s.108,Yes,Compliant,Low,HR & Compliance,,Closed,https://bdlaws.minlaw.gov.bd/act-print-952.html
COMP-EMP0017-06,EMP0017,2026-06-01,Production,Working Hours,"Daily/weekly limits, rest break and weekly holiday controls",Bangladesh Labour Act ss.100-103,Yes,Compliant,Low,HR & Compliance,,Closed,https://bdlaws.minlaw.gov.bd/act-print-952.html
COMP-EMP0017-07,EMP0017,2026-06-01,Production,Leave Records,"Casual, sick, earned and festival leave records maintained",Bangladesh Labour Act ss.115-118,Compliant,Compliant,Low,HR & Compliance,,Closed,https://bdlaws.minlaw.gov.bd/act-print-952.html
COMP-EMP0017-08,EMP0017,2026-06-01,Production,Payroll TDS Evidence,Salary withholding reviewed and evidence retained,Income Tax Act 2023 / WHT Rules 2026,Not Required/Below Threshold,Compliant,Low,HR & Compliance,,Closed,https://nbr.gov.bd/regulations/rules/income-tax-rules/eng
COMP-EMP0017-09,EMP0017,2026-06-01,Production,Benefit Enrollment,Eligible employee benefits are recorded and administered,Labour Act/Rules and company policy,Compliant,Compliant,Low,HR & Compliance,,Closed,https://bdlaws.minlaw.gov.bd/act-print-952.html
COMP-EMP0018-01,EMP0018,2026-06-01,Administration,Appointment Letter,Appointment letter issued and retained,Bangladesh Labour Act s.5 / Rules,Yes,Compliant,Low,HR & Compliance,,Closed,https://bdlaws.minlaw.gov.bd/act-print-952.html
COMP-EMP0018-02,EMP0018,2026-06-01,Administration,Photo ID Card,Photo identity card issued,Bangladesh Labour Act s.5,Yes,Compliant,Low,HR & Compliance,,Closed,https://bdlaws.minlaw.gov.bd/act-print-952.html
COMP-EMP0018-03,EMP0018,2026-06-01,Administration,Wage Payment Deadline,Wages paid within seven working days after wage period,Bangladesh Labour Act s.123,No,Non-Compliant,High,HR & Compliance,2026-07-31,Open,https://bdlaws.minlaw.gov.bd/act-print-952.html
COMP-EMP0018-04,EMP0018,2026-06-01,Administration,Configured Wage Floor,Pay meets current sector/grade wage gazette configured by the user,Bangladesh Labour Act ss.138-140,Yes,Compliant,Low,HR & Compliance,,Closed,https://bdlaws.minlaw.gov.bd/act-print-952.html
COMP-EMP0018-05,EMP0018,2026-06-01,Administration,Overtime Rate,Overtime is paid at the legally required double-rate basis,Bangladesh Labour Act s.108,Yes,Compliant,Low,HR & Compliance,,Closed,https://bdlaws.minlaw.gov.bd/act-print-952.html
COMP-EMP0018-06,EMP0018,2026-06-01,Administration,Working Hours,"Daily/weekly limits, rest break and weekly holiday controls",Bangladesh Labour Act ss.100-103,Yes,Compliant,Low,HR & Compliance,,Closed,https://bdlaws.minlaw.gov.bd/act-print-952.html
COMP-EMP0018-07,EMP0018,2026-06-01,Administration,Leave Records,"Casual, sick, earned and festival leave records maintained",Bangladesh Labour Act ss.115-118,Compliant,Compliant,Low,HR & Compliance,,Closed,https://bdlaws.minlaw.gov.bd/act-print-952.html
COMP-EMP0018-08,EMP0018,2026-06-01,Administration,Payroll TDS Evidence,Salary withholding reviewed and evidence retained,Income Tax Act 2023 / WHT Rules 2026,Not Required/Below Threshold,Compliant,Low,HR & Compliance,,Closed,https://nbr.gov.bd/regulations/rules/income-tax-rules/eng
COMP-EMP0018-09,EMP0018,2026-06-01,Administration,Benefit Enrollment,Eligible employee benefits are recorded and administered,Labour Act/Rules and company policy,Compliant,Compliant,Low,HR & Compliance,,Closed,https://bdlaws.minlaw.gov.bd/act-print-952.html
COMP-EMP0019-01,EMP0019,2026-06-01,Maintenance,Appointment Letter,Appointment letter issued and retained,Bangladesh Labour Act s.5 / Rules,Yes,Compliant,Low,HR & Compliance,,Closed,https://bdlaws.minlaw.gov.bd/act-print-952.html
COMP-EMP0019-02,EMP0019,2026-06-01,Maintenance,Photo ID Card,Photo identity card issued,Bangladesh Labour Act s.5,Yes,Compliant,Low,HR & Compliance,,Closed,https://bdlaws.minlaw.gov.bd/act-print-952.html
COMP-EMP0019-03,EMP0019,2026-06-01,Maintenance,Wage Payment Deadline,Wages paid within seven working days after wage period,Bangladesh Labour Act s.123,Yes,Compliant,Low,HR & Compliance,,Closed,https://bdlaws.minlaw.gov.bd/act-print-952.html
COMP-EMP0019-04,EMP0019,2026-06-01,Maintenance,Configured Wage Floor,Pay meets current sector/grade wage gazette configured by the user,Bangladesh Labour Act ss.138-140,Yes,Compliant,Low,HR & Compliance,,Closed,https://bdlaws.minlaw.gov.bd/act-print-952.html
COMP-EMP0019-05,EMP0019,2026-06-01,Maintenance,Overtime Rate,Overtime is paid at the legally required double-rate basis,Bangladesh Labour Act s.108,Yes,Compliant,Low,HR & Compliance,,Closed,https://bdlaws.minlaw.gov.bd/act-print-952.html
COMP-EMP0019-06,EMP0019,2026-06-01,Maintenance,Working Hours,"Daily/weekly limits, rest break and weekly holiday controls",Bangladesh Labour Act ss.100-103,Yes,Compliant,Low,HR & Compliance,,Closed,https://bdlaws.minlaw.gov.bd/act-print-952.html
COMP-EMP0019-07,EMP0019,2026-06-01,Maintenance,Leave Records,"Casual, sick, earned and festival leave records maintained",Bangladesh Labour Act ss.115-118,Compliant,Compliant,Low,HR & Compliance,,Closed,https://bdlaws.minlaw.gov.bd/act-print-952.html
COMP-EMP0019-08,EMP0019,2026-06-01,Maintenance,Payroll TDS Evidence,Salary withholding reviewed and evidence retained,Income Tax Act 2023 / WHT Rules 2026,Not Required/Below Threshold,Compliant,Low,HR & Compliance,,Closed,https://nbr.gov.bd/regulations/rules/income-tax-rules/eng
COMP-EMP0019-09,EMP0019,2026-06-01,Maintenance,Benefit Enrollment,Eligible employee benefits are recorded and administered,Labour Act/Rules and company policy,Compliant,Compliant,Low,HR & Compliance,,Closed,https://bdlaws.minlaw.gov.bd/act-print-952.html
COMP-EMP0020-01,EMP0020,2026-06-01,Sales & Marketing,Appointment Letter,Appointment letter issued and retained,Bangladesh Labour Act s.5 / Rules,Yes,Compliant,Low,HR & Compliance,,Closed,https://bdlaws.minlaw.gov.bd/act-print-952.html
COMP-EMP0020-02,EMP0020,2026-06-01,Sales & Marketing,Photo ID Card,Photo identity card issued,Bangladesh Labour Act s.5,Yes,Compliant,Low,HR & Compliance,,Closed,https://bdlaws.minlaw.gov.bd/act-print-952.html
COMP-EMP0020-03,EMP0020,2026-06-01,Sales & Marketing,Wage Payment Deadline,Wages paid within seven working days after wage period,Bangladesh Labour Act s.123,Yes,Compliant,Low,HR & Compliance,,Closed,https://bdlaws.minlaw.gov.bd/act-print-952.html
COMP-EMP0020-04,EMP0020,2026-06-01,Sales & Marketing,Configured Wage Floor,Pay meets current sector/grade wage gazette configured by the user,Bangladesh Labour Act ss.138-140,Yes,Compliant,Low,HR & Compliance,,Closed,https://bdlaws.minlaw.gov.bd/act-print-952.html
COMP-EMP0020-05,EMP0020,2026-06-01,Sales & Marketing,Overtime Rate,Overtime is paid at the legally required double-rate basis,Bangladesh Labour Act s.108,Yes,Compliant,Low,HR & Compliance,,Closed,https://bdlaws.minlaw.gov.bd/act-print-952.html
COMP-EMP0020-06,EMP0020,2026-06-01,Sales & Marketing,Working Hours,"Daily/weekly limits, rest break and weekly holiday controls",Bangladesh Labour Act ss.100-103,Yes,Compliant,Low,HR & Compliance,,Closed,https://bdlaws.minlaw.gov.bd/act-print-952.html
COMP-EMP0020-07,EMP0020,2026-06-01,Sales & Marketing,Leave Records,"Casual, sick, earned and festival leave records maintained",Bangladesh Labour Act ss.115-118,Compliant,Compliant,Low,HR & Compliance,,Closed,https://bdlaws.minlaw.gov.bd/act-print-952.html
COMP-EMP0020-08,EMP0020,2026-06-01,Sales & Marketing,Payroll TDS Evidence,Salary withholding reviewed and evidence retained,Income Tax Act 2023 / WHT Rules 2026,Not Required/Below Threshold,Compliant,Low,HR & Compliance,,Closed,https://nbr.gov.bd/regulations/rules/income-tax-rules/eng
COMP-EMP0020-09,EMP0020,2026-06-01,Sales & Marketing,Benefit Enrollment,Eligible employee benefits are recorded and administered,Labour Act/Rules and company policy,Exception,Non-Compliant,Medium,HR & Compliance,2026-07-31,Open,https://bdlaws.minlaw.gov.bd/act-print-952.html
COMP-EMP0021-01,EMP0021,2026-06-01,Quality Assurance,Appointment Letter,Appointment letter issued and retained,Bangladesh Labour Act s.5 / Rules,Yes,Compliant,Low,HR & Compliance,,Closed,https://bdlaws.minlaw.gov.bd/act-print-952.html
COMP-EMP0021-02,EMP0021,2026-06-01,Quality Assurance,Photo ID Card,Photo identity card issued,Bangladesh Labour Act s.5,Yes,Compliant,Low,HR & Compliance,,Closed,https://bdlaws.minlaw.gov.bd/act-print-952.html
COMP-EMP0021-03,EMP0021,2026-06-01,Quality Assurance,Wage Payment Deadline,Wages paid within seven working days after wage period,Bangladesh Labour Act s.123,Yes,Compliant,Low,HR & Compliance,,Closed,https://bdlaws.minlaw.gov.bd/act-print-952.html
COMP-EMP0021-04,EMP0021,2026-06-01,Quality Assurance,Configured Wage Floor,Pay meets current sector/grade wage gazette configured by the user,Bangladesh Labour Act ss.138-140,Yes,Compliant,Low,HR & Compliance,,Closed,https://bdlaws.minlaw.gov.bd/act-print-952.html
COMP-EMP0021-05,EMP0021,2026-06-01,Quality Assurance,Overtime Rate,Overtime is paid at the legally required double-rate basis,Bangladesh Labour Act s.108,Yes,Compliant,Low,HR & Compliance,,Closed,https://bdlaws.minlaw.gov.bd/act-print-952.html
COMP-EMP0021-06,EMP0021,2026-06-01,Quality Assurance,Working Hours,"Daily/weekly limits, rest break and weekly holiday controls",Bangladesh Labour Act ss.100-103,No,Non-Compliant,High,HR & Compliance,2026-07-31,Open,https://bdlaws.minlaw.gov.bd/act-print-952.html
COMP-EMP0021-07,EMP0021,2026-06-01,Quality Assurance,Leave Records,"Casual, sick, earned and festival leave records maintained",Bangladesh Labour Act ss.115-118,Compliant,Compliant,Low,HR & Compliance,,Closed,https://bdlaws.minlaw.gov.bd/act-print-952.html
COMP-EMP0021-08,EMP0021,2026-06-01,Quality Assurance,Payroll TDS Evidence,Salary withholding reviewed and evidence retained,Income Tax Act 2023 / WHT Rules 2026,Not Required/Below Threshold,Compliant,Low,HR & Compliance,,Closed,https://nbr.gov.bd/regulations/rules/income-tax-rules/eng
COMP-EMP0021-09,EMP0021,2026-06-01,Quality Assurance,Benefit Enrollment,Eligible employee benefits are recorded and administered,Labour Act/Rules and company policy,Compliant,Compliant,Low,HR & Compliance,,Closed,https://bdlaws.minlaw.gov.bd/act-print-952.html
COMP-EMP0022-01,EMP0022,2026-06-01,Sales & Marketing,Appointment Letter,Appointment letter issued and retained,Bangladesh Labour Act s.5 / Rules,No,Non-Compliant,High,HR & Compliance,2026-07-31,Open,https://bdlaws.minlaw.gov.bd/act-print-952.html
COMP-EMP0022-02,EMP0022,2026-06-01,Sales & Marketing,Photo ID Card,Photo identity card issued,Bangladesh Labour Act s.5,Yes,Compliant,Low,HR & Compliance,,Closed,https://bdlaws.minlaw.gov.bd/act-print-952.html
COMP-EMP0022-03,EMP0022,2026-06-01,Sales & Marketing,Wage Payment Deadline,Wages paid within seven working days after wage period,Bangladesh Labour Act s.123,Yes,Compliant,Low,HR & Compliance,,Closed,https://bdlaws.minlaw.gov.bd/act-print-952.html
COMP-EMP0022-04,EMP0022,2026-06-01,Sales & Marketing,Configured Wage Floor,Pay meets current sector/grade wage gazette configured by the user,Bangladesh Labour Act ss.138-140,Yes,Compliant,Low,HR & Compliance,,Closed,https://bdlaws.minlaw.gov.bd/act-print-952.html
COMP-EMP0022-05,EMP0022,2026-06-01,Sales & Marketing,Overtime Rate,Overtime is paid at the legally required double-rate basis,Bangladesh Labour Act s.108,Yes,Compliant,Low,HR & Compliance,,Closed,https://bdlaws.minlaw.gov.bd/act-print-952.html
COMP-EMP0022-06,EMP0022,2026-06-01,Sales & Marketing,Working Hours,"Daily/weekly limits, rest break and weekly holiday controls",Bangladesh Labour Act ss.100-103,Yes,Compliant,Low,HR & Compliance,,Closed,https://bdlaws.minlaw.gov.bd/act-print-952.html
COMP-EMP0022-07,EMP0022,2026-06-01,Sales & Marketing,Leave Records,"Casual, sick, earned and festival leave records maintained",Bangladesh Labour Act ss.115-118,Compliant,Compliant,Low,HR & Compliance,,Closed,https://bdlaws.minlaw.gov.bd/act-print-952.html
COMP-EMP0022-08,EMP0022,2026-06-01,Sales & Marketing,Payroll TDS Evidence,Salary withholding reviewed and evidence retained,Income Tax Act 2023 / WHT Rules 2026,Available,Compliant,Low,HR & Compliance,,Closed,https://nbr.gov.bd/regulations/rules/income-tax-rules/eng
COMP-EMP0022-09,EMP0022,2026-06-01,Sales & Marketing,Benefit Enrollment,Eligible employee benefits are recorded and administered,Labour Act/Rules and company policy,Exception,Non-Compliant,Medium,HR & Compliance,2026-07-31,Open,https://bdlaws.minlaw.gov.bd/act-print-952.html
COMP-EMP0023-01,EMP0023,2026-06-01,Quality Assurance,Appointment Letter,Appointment letter issued and retained,Bangladesh Labour Act s.5 / Rules,Yes,Compliant,Low,HR & Compliance,,Closed,https://bdlaws.minlaw.gov.bd/act-print-952.html
COMP-EMP0023-02,EMP0023,2026-06-01,Quality Assurance,Photo ID Card,Photo identity card issued,Bangladesh Labour Act s.5,Yes,Compliant,Low,HR & Compliance,,Closed,https://bdlaws.minlaw.gov.bd/act-print-952.html
COMP-EMP0023-03,EMP0023,2026-06-01,Quality Assurance,Wage Payment Deadline,Wages paid within seven working days after wage period,Bangladesh Labour Act s.123,No,Non-Compliant,High,HR & Compliance,2026-07-31,Open,https://bdlaws.minlaw.gov.bd/act-print-952.html
COMP-EMP0023-04,EMP0023,2026-06-01,Quality Assurance,Configured Wage Floor,Pay meets current sector/grade wage gazette configured by the user,Bangladesh Labour Act ss.138-140,Yes,Compliant,Low,HR & Compliance,,Closed,https://bdlaws.minlaw.gov.bd/act-print-952.html
COMP-EMP0023-05,EMP0023,2026-06-01,Quality Assurance,Overtime Rate,Overtime is paid at the legally required double-rate basis,Bangladesh Labour Act s.108,Yes,Compliant,Low,HR & Compliance,,Closed,https://bdlaws.minlaw.gov.bd/act-print-952.html
COMP-EMP0023-06,EMP0023,2026-06-01,Quality Assurance,Working Hours,"Daily/weekly limits, rest break and weekly holiday controls",Bangladesh Labour Act ss.100-103,No,Non-Compliant,High,HR & Compliance,2026-07-31,Open,https://bdlaws.minlaw.gov.bd/act-print-952.html
COMP-EMP0023-07,EMP0023,2026-06-01,Quality Assurance,Leave Records,"Casual, sick, earned and festival leave records maintained",Bangladesh Labour Act ss.115-118,Compliant,Compliant,Low,HR & Compliance,,Closed,https://bdlaws.minlaw.gov.bd/act-print-952.html
COMP-EMP0023-08,EMP0023,2026-06-01,Quality Assurance,Payroll TDS Evidence,Salary withholding reviewed and evidence retained,Income Tax Act 2023 / WHT Rules 2026,Not Required/Below Threshold,Compliant,Low,HR & Compliance,,Closed,https://nbr.gov.bd/regulations/rules/income-tax-rules/eng
COMP-EMP0023-09,EMP0023,2026-06-01,Quality Assurance,Benefit Enrollment,Eligible employee benefits are recorded and administered,Labour Act/Rules and company policy,Compliant,Compliant,Low,HR & Compliance,,Closed,https://bdlaws.minlaw.gov.bd/act-print-952.html
COMP-EMP0024-01,EMP0024,2026-06-01,Supply Chain,Appointment Letter,Appointment letter issued and retained,Bangladesh Labour Act s.5 / Rules,Yes,Compliant,Low,HR & Compliance,,Closed,https://bdlaws.minlaw.gov.bd/act-print-952.html
COMP-EMP0024-02,EMP0024,2026-06-01,Supply Chain,Photo ID Card,Photo identity card issued,Bangladesh Labour Act s.5,Yes,Compliant,Low,HR & Compliance,,Closed,https://bdlaws.minlaw.gov.bd/act-print-952.html
COMP-EMP0024-03,EMP0024,2026-06-01,Supply Chain,Wage Payment Deadline,Wages paid within seven working days after wage period,Bangladesh Labour Act s.123,Yes,Compliant,Low,HR & Compliance,,Closed,https://bdlaws.minlaw.gov.bd/act-print-952.html
COMP-EMP0024-04,EMP0024,2026-06-01,Supply Chain,Configured Wage Floor,Pay meets current sector/grade wage gazette configured by the user,Bangladesh Labour Act ss.138-140,Yes,Compliant,Low,HR & Compliance,,Closed,https://bdlaws.minlaw.gov.bd/act-print-952.html
COMP-EMP0024-05,EMP0024,2026-06-01,Supply Chain,Overtime Rate,Overtime is paid at the legally required double-rate basis,Bangladesh Labour Act s.108,Yes,Compliant,Low,HR & Compliance,,Closed,https://bdlaws.minlaw.gov.bd/act-print-952.html
COMP-EMP0024-06,EMP0024,2026-06-01,Supply Chain,Working Hours,"Daily/weekly limits, rest break and weekly holiday controls",Bangladesh Labour Act ss.100-103,Yes,Compliant,Low,HR & Compliance,,Closed,https://bdlaws.minlaw.gov.bd/act-print-952.html
COMP-EMP0024-07,EMP0024,2026-06-01,Supply Chain,Leave Records,"Casual, sick, earned and festival leave records maintained",Bangladesh Labour Act ss.115-118,Compliant,Compliant,Low,HR & Compliance,,Closed,https://bdlaws.minlaw.gov.bd/act-print-952.html
COMP-EMP0024-08,EMP0024,2026-06-01,Supply Chain,Payroll TDS Evidence,Salary withholding reviewed and evidence retained,Income Tax Act 2023 / WHT Rules 2026,Available,Compliant,Low,HR & Compliance,,Closed,https://nbr.gov.bd/regulations/rules/income-tax-rules/eng
COMP-EMP0024-09,EMP0024,2026-06-01,Supply Chain,Benefit Enrollment,Eligible employee benefits are recorded and administered,Labour Act/Rules and company policy,Compliant,Compliant,Low,HR & Compliance,,Closed,https://bdlaws.minlaw.gov.bd/act-print-952.html
COMP-EMP0025-01,EMP0025,2026-06-01,Supply Chain,Appointment Letter,Appointment letter issued and retained,Bangladesh Labour Act s.5 / Rules,Yes,Compliant,Low,HR & Compliance,,Closed,https://bdlaws.minlaw.gov.bd/act-print-952.html
COMP-EMP0025-02,EMP0025,2026-06-01,Supply Chain,Photo ID Card,Photo identity card issued,Bangladesh Labour Act s.5,Yes,Compliant,Low,HR & Compliance,,Closed,https://bdlaws.minlaw.gov.bd/act-print-952.html
COMP-EMP0025-03,EMP0025,2026-06-01,Supply Chain,Wage Payment Deadline,Wages paid within seven working days after wage period,Bangladesh Labour Act s.123,Yes,Compliant,Low,HR & Compliance,,Closed,https://bdlaws.minlaw.gov.bd/act-print-952.html
COMP-EMP0025-04,EMP0025,2026-06-01,Supply Chain,Configured Wage Floor,Pay meets current sector/grade wage gazette configured by the user,Bangladesh Labour Act ss.138-140,Yes,Compliant,Low,HR & Compliance,,Closed,https://bdlaws.minlaw.gov.bd/act-print-952.html
COMP-EMP0025-05,EMP0025,2026-06-01,Supply Chain,Overtime Rate,Overtime is paid at the legally required double-rate basis,Bangladesh Labour Act s.108,Yes,Compliant,Low,HR & Compliance,,Closed,https://bdlaws.minlaw.gov.bd/act-print-952.html
COMP-EMP0025-06,EMP0025,2026-06-01,Supply Chain,Working Hours,"Daily/weekly limits, rest break and weekly holiday controls",Bangladesh Labour Act ss.100-103,Yes,Compliant,Low,HR & Compliance,,Closed,https://bdlaws.minlaw.gov.bd/act-print-952.html
COMP-EMP0025-07,EMP0025,2026-06-01,Supply Chain,Leave Records,"Casual, sick, earned and festival leave records maintained",Bangladesh Labour Act ss.115-118,Compliant,Compliant,Low,HR & Compliance,,Closed,https://bdlaws.minlaw.gov.bd/act-print-952.html
COMP-EMP0025-08,EMP0025,2026-06-01,Supply Chain,Payroll TDS Evidence,Salary withholding reviewed and evidence retained,Income Tax Act 2023 / WHT Rules 2026,Not Required/Below Threshold,Compliant,Low,HR & Compliance,,Closed,https://nbr.gov.bd/regulations/rules/income-tax-rules/eng
COMP-EMP0025-09,EMP0025,2026-06-01,Supply Chain,Benefit Enrollment,Eligible employee benefits are recorded and administered,Labour Act/Rules and company policy,Exception,Non-Compliant,Medium,HR & Compliance,2026-07-31,Open,https://bdlaws.minlaw.gov.bd/act-print-952.html
COMP-EMP0026-01,EMP0026,2026-06-01,Administration,Appointment Letter,Appointment letter issued and retained,Bangladesh Labour Act s.5 / Rules,Yes,Compliant,Low,HR & Compliance,,Closed,https://bdlaws.minlaw.gov.bd/act-print-952.html
COMP-EMP0026-02,EMP0026,2026-06-01,Administration,Photo ID Card,Photo identity card issued,Bangladesh Labour Act s.5,Yes,Compliant,Low,HR & Compliance,,Closed,https://bdlaws.minlaw.gov.bd/act-print-952.html
COMP-EMP0026-03,EMP0026,2026-06-01,Administration,Wage Payment Deadline,Wages paid within seven working days after wage period,Bangladesh Labour Act s.123,Yes,Compliant,Low,HR & Compliance,,Closed,https://bdlaws.minlaw.gov.bd/act-print-952.html
COMP-EMP0026-04,EMP0026,2026-06-01,Administration,Configured Wage Floor,Pay meets current sector/grade wage gazette configured by the user,Bangladesh Labour Act ss.138-140,Yes,Compliant,Low,HR & Compliance,,Closed,https://bdlaws.minlaw.gov.bd/act-print-952.html
COMP-EMP0026-05,EMP0026,2026-06-01,Administration,Overtime Rate,Overtime is paid at the legally required double-rate basis,Bangladesh Labour Act s.108,Yes,Compliant,Low,HR & Compliance,,Closed,https://bdlaws.minlaw.gov.bd/act-print-952.html
COMP-EMP0026-06,EMP0026,2026-06-01,Administration,Working Hours,"Daily/weekly limits, rest break and weekly holiday controls",Bangladesh Labour Act ss.100-103,Yes,Compliant,Low,HR & Compliance,,Closed,https://bdlaws.minlaw.gov.bd/act-print-952.html
COMP-EMP0026-07,EMP0026,2026-06-01,Administration,Leave Records,"Casual, sick, earned and festival leave records maintained",Bangladesh Labour Act ss.115-118,Compliant,Compliant,Low,HR & Compliance,,Closed,https://bdlaws.minlaw.gov.bd/act-print-952.html
COMP-EMP0026-08,EMP0026,2026-06-01,Administration,Payroll TDS Evidence,Salary withholding reviewed and evidence retained,Income Tax Act 2023 / WHT Rules 2026,Available,Compliant,Low,HR & Compliance,,Closed,https://nbr.gov.bd/regulations/rules/income-tax-rules/eng
COMP-EMP0026-09,EMP0026,2026-06-01,Administration,Benefit Enrollment,Eligible employee benefits are recorded and administered,Labour Act/Rules and company policy,Compliant,Compliant,Low,HR & Compliance,,Closed,https://bdlaws.minlaw.gov.bd/act-print-952.html
COMP-EMP0027-01,EMP0027,2026-06-01,Production,Appointment Letter,Appointment letter issued and retained,Bangladesh Labour Act s.5 / Rules,Yes,Compliant,Low,HR & Compliance,,Closed,https://bdlaws.minlaw.gov.bd/act-print-952.html
COMP-EMP0027-02,EMP0027,2026-06-01,Production,Photo ID Card,Photo identity card issued,Bangladesh Labour Act s.5,Yes,Compliant,Low,HR & Compliance,,Closed,https://bdlaws.minlaw.gov.bd/act-print-952.html
COMP-EMP0027-03,EMP0027,2026-06-01,Production,Wage Payment Deadline,Wages paid within seven working days after wage period,Bangladesh Labour Act s.123,Yes,Compliant,Low,HR & Compliance,,Closed,https://bdlaws.minlaw.gov.bd/act-print-952.html
COMP-EMP0027-04,EMP0027,2026-06-01,Production,Configured Wage Floor,Pay meets current sector/grade wage gazette configured by the user,Bangladesh Labour Act ss.138-140,Yes,Compliant,Low,HR & Compliance,,Closed,https://bdlaws.minlaw.gov.bd/act-print-952.html
COMP-EMP0027-05,EMP0027,2026-06-01,Production,Overtime Rate,Overtime is paid at the legally required double-rate basis,Bangladesh Labour Act s.108,Yes,Compliant,Low,HR & Compliance,,Closed,https://bdlaws.minlaw.gov.bd/act-print-952.html
COMP-EMP0027-06,EMP0027,2026-06-01,Production,Working Hours,"Daily/weekly limits, rest break and weekly holiday controls",Bangladesh Labour Act ss.100-103,Yes,Compliant,Low,HR & Compliance,,Closed,https://bdlaws.minlaw.gov.bd/act-print-952.html
COMP-EMP0027-07,EMP0027,2026-06-01,Production,Leave Records,"Casual, sick, earned and festival leave records maintained",Bangladesh Labour Act ss.115-118,Compliant,Compliant,Low,HR & Compliance,,Closed,https://bdlaws.minlaw.gov.bd/act-print-952.html
COMP-EMP0027-08,EMP0027,2026-06-01,Production,Payroll TDS Evidence,Salary withholding reviewed and evidence retained,Income Tax Act 2023 / WHT Rules 2026,Not Required/Below Threshold,Compliant,Low,HR & Compliance,,Closed,https://nbr.gov.bd/regulations/rules/income-tax-rules/eng
COMP-EMP0027-09,EMP0027,2026-06-01,Production,Benefit Enrollment,Eligible employee benefits are recorded and administered,Labour Act/Rules and company policy,Compliant,Compliant,Low,HR & Compliance,,Closed,https://bdlaws.minlaw.gov.bd/act-print-952.html
COMP-EMP0028-01,EMP0028,2026-06-01,Production,Appointment Letter,Appointment letter issued and retained,Bangladesh Labour Act s.5 / Rules,Yes,Compliant,Low,HR & Compliance,,Closed,https://bdlaws.minlaw.gov.bd/act-print-952.html
COMP-EMP0028-02,EMP0028,2026-06-01,Production,Photo ID Card,Photo identity card issued,Bangladesh Labour Act s.5,Yes,Compliant,Low,HR & Compliance,,Closed,https://bdlaws.minlaw.gov.bd/act-print-952.html
COMP-EMP0028-03,EMP0028,2026-06-01,Production,Wage Payment Deadline,Wages paid within seven working days after wage period,Bangladesh Labour Act s.123,No,Non-Compliant,High,HR & Compliance,2026-07-31,Open,https://bdlaws.minlaw.gov.bd/act-print-952.html
COMP-EMP0028-04,EMP0028,2026-06-01,Production,Configured Wage Floor,Pay meets current sector/grade wage gazette configured by the user,Bangladesh Labour Act ss.138-140,No,Non-Compliant,High,HR & Compliance,2026-07-31,Open,https://bdlaws.minlaw.gov.bd/act-print-952.html
COMP-EMP0028-05,EMP0028,2026-06-01,Production,Overtime Rate,Overtime is paid at the legally required double-rate basis,Bangladesh Labour Act s.108,Yes,Compliant,Low,HR & Compliance,,Closed,https://bdlaws.minlaw.gov.bd/act-print-952.html
COMP-EMP0028-06,EMP0028,2026-06-01,Production,Working Hours,"Daily/weekly limits, rest break and weekly holiday controls",Bangladesh Labour Act ss.100-103,Yes,Compliant,Low,HR & Compliance,,Closed,https://bdlaws.minlaw.gov.bd/act-print-952.html
COMP-EMP0028-07,EMP0028,2026-06-01,Production,Leave Records,"Casual, sick, earned and festival leave records maintained",Bangladesh Labour Act ss.115-118,Compliant,Compliant,Low,HR & Compliance,,Closed,https://bdlaws.minlaw.gov.bd/act-print-952.html
COMP-EMP0028-08,EMP0028,2026-06-01,Production,Payroll TDS Evidence,Salary withholding reviewed and evidence retained,Income Tax Act 2023 / WHT Rules 2026,Not Required/Below Threshold,Compliant,Low,HR & Compliance,,Closed,https://nbr.gov.bd/regulations/rules/income-tax-rules/eng
COMP-EMP0028-09,EMP0028,2026-06-01,Production,Benefit Enrollment,Eligible employee benefits are recorded and administered,Labour Act/Rules and company policy,Compliant,Compliant,Low,HR & Compliance,,Closed,https://bdlaws.minlaw.gov.bd/act-print-952.html
COMP-EMP0029-01,EMP0029,2026-06-01,Information Technology,Appointment Letter,Appointment letter issued and retained,Bangladesh Labour Act s.5 / Rules,Yes,Compliant,Low,HR & Compliance,,Closed,https://bdlaws.minlaw.gov.bd/act-print-952.html
COMP-EMP0029-02,EMP0029,2026-06-01,Information Technology,Photo ID Card,Photo identity card issued,Bangladesh Labour Act s.5,Yes,Compliant,Low,HR & Compliance,,Closed,https://bdlaws.minlaw.gov.bd/act-print-952.html
COMP-EMP0029-03,EMP0029,2026-06-01,Information Technology,Wage Payment Deadline,Wages paid within seven working days after wage period,Bangladesh Labour Act s.123,Yes,Compliant,Low,HR & Compliance,,Closed,https://bdlaws.minlaw.gov.bd/act-print-952.html
COMP-EMP0029-04,EMP0029,2026-06-01,Information Technology,Configured Wage Floor,Pay meets current sector/grade wage gazette configured by the user,Bangladesh Labour Act ss.138-140,Yes,Compliant,Low,HR & Compliance,,Closed,https://bdlaws.minlaw.gov.bd/act-print-952.html
COMP-EMP0029-05,EMP0029,2026-06-01,Information Technology,Overtime Rate,Overtime is paid at the legally required double-rate basis,Bangladesh Labour Act s.108,Yes,Compliant,Low,HR & Compliance,,Closed,https://bdlaws.minlaw.gov.bd/act-print-952.html
COMP-EMP0029-06,EMP0029,2026-06-01,Information Technology,Working Hours,"Daily/weekly limits, rest break and weekly holiday controls",Bangladesh Labour Act ss.100-103,No,Non-Compliant,High,HR & Compliance,2026-07-31,Open,https://bdlaws.minlaw.gov.bd/act-print-952.html
COMP-EMP0029-07,EMP0029,2026-06-01,Information Technology,Leave Records,"Casual, sick, earned and festival leave records maintained",Bangladesh Labour Act ss.115-118,Compliant,Compliant,Low,HR & Compliance,,Closed,https://bdlaws.minlaw.gov.bd/act-print-952.html
COMP-EMP0029-08,EMP0029,2026-06-01,Information Technology,Payroll TDS Evidence,Salary withholding reviewed and evidence retained,Income Tax Act 2023 / WHT Rules 2026,Available,Compliant,Low,HR & Compliance,,Closed,https://nbr.gov.bd/regulations/rules/income-tax-rules/eng
COMP-EMP0029-09,EMP0029,2026-06-01,Information Technology,Benefit Enrollment,Eligible employee benefits are recorded and administered,Labour Act/Rules and company policy,Compliant,Compliant,Low,HR & Compliance,,Closed,https://bdlaws.minlaw.gov.bd/act-print-952.html
COMP-EMP0030-01,EMP0030,2026-06-01,Information Technology,Appointment Letter,Appointment letter issued and retained,Bangladesh Labour Act s.5 / Rules,Yes,Compliant,Low,HR & Compliance,,Closed,https://bdlaws.minlaw.gov.bd/act-print-952.html
COMP-EMP0030-02,EMP0030,2026-06-01,Information Technology,Photo ID Card,Photo identity card issued,Bangladesh Labour Act s.5,Yes,Compliant,Low,HR & Compliance,,Closed,https://bdlaws.minlaw.gov.bd/act-print-952.html
COMP-EMP0030-03,EMP0030,2026-06-01,Information Technology,Wage Payment Deadline,Wages paid within seven working days after wage period,Bangladesh Labour Act s.123,Yes,Compliant,Low,HR & Compliance,,Closed,https://bdlaws.minlaw.gov.bd/act-print-952.html
COMP-EMP0030-04,EMP0030,2026-06-01,Information Technology,Configured Wage Floor,Pay meets current sector/grade wage gazette configured by the user,Bangladesh Labour Act ss.138-140,Yes,Compliant,Low,HR & Compliance,,Closed,https://bdlaws.minlaw.gov.bd/act-print-952.html
COMP-EMP0030-05,EMP0030,2026-06-01,Information Technology,Overtime Rate,Overtime is paid at the legally required double-rate basis,Bangladesh Labour Act s.108,Yes,Compliant,Low,HR & Compliance,,Closed,https://bdlaws.minlaw.gov.bd/act-print-952.html
COMP-EMP0030-06,EMP0030,2026-06-01,Information Technology,Working Hours,"Daily/weekly limits, rest break and weekly holiday controls",Bangladesh Labour Act ss.100-103,Yes,Compliant,Low,HR & Compliance,,Closed,https://bdlaws.minlaw.gov.bd/act-print-952.html
COMP-EMP0030-07,EMP0030,2026-06-01,Information Technology,Leave Records,"Casual, sick, earned and festival leave records maintained",Bangladesh Labour Act ss.115-118,Compliant,Compliant,Low,HR & Compliance,,Closed,https://bdlaws.minlaw.gov.bd/act-print-952.html
COMP-EMP0030-08,EMP0030,2026-06-01,Information Technology,Payroll TDS Evidence,Salary withholding reviewed and evidence retained,Income Tax Act 2023 / WHT Rules 2026,Not Required/Below Threshold,Compliant,Low,HR & Compliance,,Closed,https://nbr.gov.bd/regulations/rules/income-tax-rules/eng
COMP-EMP0030-09,EMP0030,2026-06-01,Information Technology,Benefit Enrollment,Eligible employee benefits are recorded and administered,Labour Act/Rules and company policy,Compliant,Compliant,Low,HR & Compliance,,Closed,https://bdlaws.minlaw.gov.bd/act-print-952.html
COMP-EMP0031-01,EMP0031,2026-06-01,Administration,Appointment Letter,Appointment letter issued and retained,Bangladesh Labour Act s.5 / Rules,Yes,Compliant,Low,HR & Compliance,,Closed,https://bdlaws.minlaw.gov.bd/act-print-952.html
COMP-EMP0031-02,EMP0031,2026-06-01,Administration,Photo ID Card,Photo identity card issued,Bangladesh Labour Act s.5,Yes,Compliant,Low,HR & Compliance,,Closed,https://bdlaws.minlaw.gov.bd/act-print-952.html
COMP-EMP0031-03,EMP0031,2026-06-01,Administration,Wage Payment Deadline,Wages paid within seven working days after wage period,Bangladesh Labour Act s.123,Yes,Compliant,Low,HR & Compliance,,Closed,https://bdlaws.minlaw.gov.bd/act-print-952.html
COMP-EMP0031-04,EMP0031,2026-06-01,Administration,Configured Wage Floor,Pay meets current sector/grade wage gazette configured by the user,Bangladesh Labour Act ss.138-140,Yes,Compliant,Low,HR & Compliance,,Closed,https://bdlaws.minlaw.gov.bd/act-print-952.html
COMP-EMP0031-05,EMP0031,2026-06-01,Administration,Overtime Rate,Overtime is paid at the legally required double-rate basis,Bangladesh Labour Act s.108,Yes,Compliant,Low,HR & Compliance,,Closed,https://bdlaws.minlaw.gov.bd/act-print-952.html
COMP-EMP0031-06,EMP0031,2026-06-01,Administration,Working Hours,"Daily/weekly limits, rest break and weekly holiday controls",Bangladesh Labour Act ss.100-103,Yes,Compliant,Low,HR & Compliance,,Closed,https://bdlaws.minlaw.gov.bd/act-print-952.html
COMP-EMP0031-07,EMP0031,2026-06-01,Administration,Leave Records,"Casual, sick, earned and festival leave records maintained",Bangladesh Labour Act ss.115-118,Compliant,Compliant,Low,HR & Compliance,,Closed,https://bdlaws.minlaw.gov.bd/act-print-952.html
COMP-EMP0031-08,EMP0031,2026-06-01,Administration,Payroll TDS Evidence,Salary withholding reviewed and evidence retained,Income Tax Act 2023 / WHT Rules 2026,Not Required/Below Threshold,Compliant,Low,HR & Compliance,,Closed,https://nbr.gov.bd/regulations/rules/income-tax-rules/eng
COMP-EMP0031-09,EMP0031,2026-06-01,Administration,Benefit Enrollment,Eligible employee benefits are recorded and administered,Labour Act/Rules and company policy,Compliant,Compliant,Low,HR & Compliance,,Closed,https://bdlaws.minlaw.gov.bd/act-print-952.html
COMP-EMP0032-01,EMP0032,2026-06-01,Production,Appointment Letter,Appointment letter issued and retained,Bangladesh Labour Act s.5 / Rules,Yes,Compliant,Low,HR & Compliance,,Closed,https://bdlaws.minlaw.gov.bd/act-print-952.html
COMP-EMP0032-02,EMP0032,2026-06-01,Production,Photo ID Card,Photo identity card issued,Bangladesh Labour Act s.5,Yes,Compliant,Low,HR & Compliance,,Closed,https://bdlaws.minlaw.gov.bd/act-print-952.html
COMP-EMP0032-03,EMP0032,2026-06-01,Production,Wage Payment Deadline,Wages paid within seven working days after wage period,Bangladesh Labour Act s.123,Yes,Compliant,Low,HR & Compliance,,Closed,https://bdlaws.minlaw.gov.bd/act-print-952.html
COMP-EMP0032-04,EMP0032,2026-06-01,Production,Configured Wage Floor,Pay meets current sector/grade wage gazette configured by the user,Bangladesh Labour Act ss.138-140,Yes,Compliant,Low,HR & Compliance,,Closed,https://bdlaws.minlaw.gov.bd/act-print-952.html
COMP-EMP0032-05,EMP0032,2026-06-01,Production,Overtime Rate,Overtime is paid at the legally required double-rate basis,Bangladesh Labour Act s.108,Yes,Compliant,Low,HR & Compliance,,Closed,https://bdlaws.minlaw.gov.bd/act-print-952.html
COMP-EMP0032-06,EMP0032,2026-06-01,Production,Working Hours,"Daily/weekly limits, rest break and weekly holiday controls",Bangladesh Labour Act ss.100-103,No,Non-Compliant,High,HR & Compliance,2026-07-31,Open,https://bdlaws.minlaw.gov.bd/act-print-952.html
COMP-EMP0032-07,EMP0032,2026-06-01,Production,Leave Records,"Casual, sick, earned and festival leave records maintained",Bangladesh Labour Act ss.115-118,Compliant,Compliant,Low,HR & Compliance,,Closed,https://bdlaws.minlaw.gov.bd/act-print-952.html
COMP-EMP0032-08,EMP0032,2026-06-01,Production,Payroll TDS Evidence,Salary withholding reviewed and evidence retained,Income Tax Act 2023 / WHT Rules 2026,Not Required/Below Threshold,Compliant,Low,HR & Compliance,,Closed,https://nbr.gov.bd/regulations/rules/income-tax-rules/eng
COMP-EMP0032-09,EMP0032,2026-06-01,Production,Benefit Enrollment,Eligible employee benefits are recorded and administered,Labour Act/Rules and company policy,Exception,Non-Compliant,Medium,HR & Compliance,2026-07-31,Open,https://bdlaws.minlaw.gov.bd/act-print-952.html
COMP-EMP0033-01,EMP0033,2026-06-01,Sales & Marketing,Appointment Letter,Appointment letter issued and retained,Bangladesh Labour Act s.5 / Rules,Yes,Compliant,Low,HR & Compliance,,Closed,https://bdlaws.minlaw.gov.bd/act-print-952.html
COMP-EMP0033-02,EMP0033,2026-06-01,Sales & Marketing,Photo ID Card,Photo identity card issued,Bangladesh Labour Act s.5,Yes,Compliant,Low,HR & Compliance,,Closed,https://bdlaws.minlaw.gov.bd/act-print-952.html
COMP-EMP0033-03,EMP0033,2026-06-01,Sales & Marketing,Wage Payment Deadline,Wages paid within seven working days after wage period,Bangladesh Labour Act s.123,Yes,Compliant,Low,HR & Compliance,,Closed,https://bdlaws.minlaw.gov.bd/act-print-952.html
COMP-EMP0033-04,EMP0033,2026-06-01,Sales & Marketing,Configured Wage Floor,Pay meets current sector/grade wage gazette configured by the user,Bangladesh Labour Act ss.138-140,Yes,Compliant,Low,HR & Compliance,,Closed,https://bdlaws.minlaw.gov.bd/act-print-952.html
COMP-EMP0033-05,EMP0033,2026-06-01,Sales & Marketing,Overtime Rate,Overtime is paid at the legally required double-rate basis,Bangladesh Labour Act s.108,Yes,Compliant,Low,HR & Compliance,,Closed,https://bdlaws.minlaw.gov.bd/act-print-952.html
COMP-EMP0033-06,EMP0033,2026-06-01,Sales & Marketing,Working Hours,"Daily/weekly limits, rest break and weekly holiday controls",Bangladesh Labour Act ss.100-103,No,Non-Compliant,High,HR & Compliance,2026-07-31,Open,https://bdlaws.minlaw.gov.bd/act-print-952.html
COMP-EMP0033-07,EMP0033,2026-06-01,Sales & Marketing,Leave Records,"Casual, sick, earned and festival leave records maintained",Bangladesh Labour Act ss.115-118,Compliant,Compliant,Low,HR & Compliance,,Closed,https://bdlaws.minlaw.gov.bd/act-print-952.html
COMP-EMP0033-08,EMP0033,2026-06-01,Sales & Marketing,Payroll TDS Evidence,Salary withholding reviewed and evidence retained,Income Tax Act 2023 / WHT Rules 2026,Available,Compliant,Low,HR & Compliance,,Closed,https://nbr.gov.bd/regulations/rules/income-tax-rules/eng
COMP-EMP0033-09,EMP0033,2026-06-01,Sales & Marketing,Benefit Enrollment,Eligible employee benefits are recorded and administered,Labour Act/Rules and company policy,Compliant,Compliant,Low,HR & Compliance,,Closed,https://bdlaws.minlaw.gov.bd/act-print-952.html
COMP-EMP0034-01,EMP0034,2026-06-01,Production,Appointment Letter,Appointment letter issued and retained,Bangladesh Labour Act s.5 / Rules,Yes,Compliant,Low,HR & Compliance,,Closed,https://bdlaws.minlaw.gov.bd/act-print-952.html
COMP-EMP0034-02,EMP0034,2026-06-01,Production,Photo ID Card,Photo identity card issued,Bangladesh Labour Act s.5,Yes,Compliant,Low,HR & Compliance,,Closed,https://bdlaws.minlaw.gov.bd/act-print-952.html
COMP-EMP0034-03,EMP0034,2026-06-01,Production,Wage Payment Deadline,Wages paid within seven working days after wage period,Bangladesh Labour Act s.123,Yes,Compliant,Low,HR & Compliance,,Closed,https://bdlaws.minlaw.gov.bd/act-print-952.html
COMP-EMP0034-04,EMP0034,2026-06-01,Production,Configured Wage Floor,Pay meets current sector/grade wage gazette configured by the user,Bangladesh Labour Act ss.138-140,Yes,Compliant,Low,HR & Compliance,,Closed,https://bdlaws.minlaw.gov.bd/act-print-952.html
COMP-EMP0034-05,EMP0034,2026-06-01,Production,Overtime Rate,Overtime is paid at the legally required double-rate basis,Bangladesh Labour Act s.108,Yes,Compliant,Low,HR & Compliance,,Closed,https://bdlaws.minlaw.gov.bd/act-print-952.html
COMP-EMP0034-06,EMP0034,2026-06-01,Production,Working Hours,"Daily/weekly limits, rest break and weekly holiday controls",Bangladesh Labour Act ss.100-103,No,Non-Compliant,High,HR & Compliance,2026-07-31,Open,https://bdlaws.minlaw.gov.bd/act-print-952.html
COMP-EMP0034-07,EMP0034,2026-06-01,Production,Leave Records,"Casual, sick, earned and festival leave records maintained",Bangladesh Labour Act ss.115-118,Compliant,Compliant,Low,HR & Compliance,,Closed,https://bdlaws.minlaw.gov.bd/act-print-952.html
COMP-EMP0034-08,EMP0034,2026-06-01,Production,Payroll TDS Evidence,Salary withholding reviewed and evidence retained,Income Tax Act 2023 / WHT Rules 2026,Not Required/Below Threshold,Compliant,Low,HR & Compliance,,Closed,https://nbr.gov.bd/regulations/rules/income-tax-rules/eng
COMP-EMP0034-09,EMP0034,2026-06-01,Production,Benefit Enrollment,Eligible employee benefits are recorded and administered,Labour Act/Rules and company policy,Compliant,Compliant,Low,HR & Compliance,,Closed,https://bdlaws.minlaw.gov.bd/act-print-952.html
COMP-EMP0035-01,EMP0035,2026-06-01,Production,Appointment Letter,Appointment letter issued and retained,Bangladesh Labour Act s.5 / Rules,Yes,Compliant,Low,HR & Compliance,,Closed,https://bdlaws.minlaw.gov.bd/act-print-952.html
COMP-EMP0035-02,EMP0035,2026-06-01,Production,Photo ID Card,Photo identity card issued,Bangladesh Labour Act s.5,Yes,Compliant,Low,HR & Compliance,,Closed,https://bdlaws.minlaw.gov.bd/act-print-952.html
COMP-EMP0035-03,EMP0035,2026-06-01,Production,Wage Payment Deadline,Wages paid within seven working days after wage period,Bangladesh Labour Act s.123,Yes,Compliant,Low,HR & Compliance,,Closed,https://bdlaws.minlaw.gov.bd/act-print-952.html
COMP-EMP0035-04,EMP0035,2026-06-01,Production,Configured Wage Floor,Pay meets current sector/grade wage gazette configured by the user,Bangladesh Labour Act ss.138-140,Yes,Compliant,Low,HR & Compliance,,Closed,https://bdlaws.minlaw.gov.bd/act-print-952.html
COMP-EMP0035-05,EMP0035,2026-06-01,Production,Overtime Rate,Overtime is paid at the legally required double-rate basis,Bangladesh Labour Act s.108,Yes,Compliant,Low,HR & Compliance,,Closed,https://bdlaws.minlaw.gov.bd/act-print-952.html
COMP-EMP0035-06,EMP0035,2026-06-01,Production,Working Hours,"Daily/weekly limits, rest break and weekly holiday controls",Bangladesh Labour Act ss.100-103,No,Non-Compliant,High,HR & Compliance,2026-07-31,Open,https://bdlaws.minlaw.gov.bd/act-print-952.html
COMP-EMP0035-07,EMP0035,2026-06-01,Production,Leave Records,"Casual, sick, earned and festival leave records maintained",Bangladesh Labour Act ss.115-118,Compliant,Compliant,Low,HR & Compliance,,Closed,https://bdlaws.minlaw.gov.bd/act-print-952.html
COMP-EMP0035-08,EMP0035,2026-06-01,Production,Payroll TDS Evidence,Salary withholding reviewed and evidence retained,Income Tax Act 2023 / WHT Rules 2026,Available,Compliant,Low,HR & Compliance,,Closed,https://nbr.gov.bd/regulations/rules/income-tax-rules/eng
COMP-EMP0035-09,EMP0035,2026-06-01,Production,Benefit Enrollment,Eligible employee benefits are recorded and administered,Labour Act/Rules and company policy,Compliant,Compliant,Low,HR & Compliance,,Closed,https://bdlaws.minlaw.gov.bd/act-print-952.html
COMP-EMP0036-01,EMP0036,2026-06-01,Administration,Appointment Letter,Appointment letter issued and retained,Bangladesh Labour Act s.5 / Rules,Yes,Compliant,Low,HR & Compliance,,Closed,https://bdlaws.minlaw.gov.bd/act-print-952.html
COMP-EMP0036-02,EMP0036,2026-06-01,Administration,Photo ID Card,Photo identity card issued,Bangladesh Labour Act s.5,Yes,Compliant,Low,HR & Compliance,,Closed,https://bdlaws.minlaw.gov.bd/act-print-952.html
COMP-EMP0036-03,EMP0036,2026-06-01,Administration,Wage Payment Deadline,Wages paid within seven working days after wage period,Bangladesh Labour Act s.123,Yes,Compliant,Low,HR & Compliance,,Closed,https://bdlaws.minlaw.gov.bd/act-print-952.html
COMP-EMP0036-04,EMP0036,2026-06-01,Administration,Configured Wage Floor,Pay meets current sector/grade wage gazette configured by the user,Bangladesh Labour Act ss.138-140,Yes,Compliant,Low,HR & Compliance,,Closed,https://bdlaws.minlaw.gov.bd/act-print-952.html
COMP-EMP0036-05,EMP0036,2026-06-01,Administration,Overtime Rate,Overtime is paid at the legally required double-rate basis,Bangladesh Labour Act s.108,Yes,Compliant,Low,HR & Compliance,,Closed,https://bdlaws.minlaw.gov.bd/act-print-952.html
COMP-EMP0036-06,EMP0036,2026-06-01,Administration,Working Hours,"Daily/weekly limits, rest break and weekly holiday controls",Bangladesh Labour Act ss.100-103,Yes,Compliant,Low,HR & Compliance,,Closed,https://bdlaws.minlaw.gov.bd/act-print-952.html
COMP-EMP0036-07,EMP0036,2026-06-01,Administration,Leave Records,"Casual, sick, earned and festival leave records maintained",Bangladesh Labour Act ss.115-118,Compliant,Compliant,Low,HR & Compliance,,Closed,https://bdlaws.minlaw.gov.bd/act-print-952.html
COMP-EMP0036-08,EMP0036,2026-06-01,Administration,Payroll TDS Evidence,Salary withholding reviewed and evidence retained,Income Tax Act 2023 / WHT Rules 2026,Not Required/Below Threshold,Compliant,Low,HR & Compliance,,Closed,https://nbr.gov.bd/regulations/rules/income-tax-rules/eng
COMP-EMP0036-09,EMP0036,2026-06-01,Administration,Benefit Enrollment,Eligible employee benefits are recorded and administered,Labour Act/Rules and company policy,Compliant,Compliant,Low,HR & Compliance,,Closed,https://bdlaws.minlaw.gov.bd/act-print-952.html
COMP-EMP0037-01,EMP0037,2026-06-01,Production,Appointment Letter,Appointment letter issued and retained,Bangladesh Labour Act s.5 / Rules,Yes,Compliant,Low,HR & Compliance,,Closed,https://bdlaws.minlaw.gov.bd/act-print-952.html
COMP-EMP0037-02,EMP0037,2026-06-01,Production,Photo ID Card,Photo identity card issued,Bangladesh Labour Act s.5,Yes,Compliant,Low,HR & Compliance,,Closed,https://bdlaws.minlaw.gov.bd/act-print-952.html
COMP-EMP0037-03,EMP0037,2026-06-01,Production,Wage Payment Deadline,Wages paid within seven working days after wage period,Bangladesh Labour Act s.123,Yes,Compliant,Low,HR & Compliance,,Closed,https://bdlaws.minlaw.gov.bd/act-print-952.html
COMP-EMP0037-04,EMP0037,2026-06-01,Production,Configured Wage Floor,Pay meets current sector/grade wage gazette configured by the user,Bangladesh Labour Act ss.138-140,Yes,Compliant,Low,HR & Compliance,,Closed,https://bdlaws.minlaw.gov.bd/act-print-952.html
COMP-EMP0037-05,EMP0037,2026-06-01,Production,Overtime Rate,Overtime is paid at the legally required double-rate basis,Bangladesh Labour Act s.108,Yes,Compliant,Low,HR & Compliance,,Closed,https://bdlaws.minlaw.gov.bd/act-print-952.html
COMP-EMP0037-06,EMP0037,2026-06-01,Production,Working Hours,"Daily/weekly limits, rest break and weekly holiday controls",Bangladesh Labour Act ss.100-103,Yes,Compliant,Low,HR & Compliance,,Closed,https://bdlaws.minlaw.gov.bd/act-print-952.html
COMP-EMP0037-07,EMP0037,2026-06-01,Production,Leave Records,"Casual, sick, earned and festival leave records maintained",Bangladesh Labour Act ss.115-118,Compliant,Compliant,Low,HR & Compliance,,Closed,https://bdlaws.minlaw.gov.bd/act-print-952.html
COMP-EMP0037-08,EMP0037,2026-06-01,Production,Payroll TDS Evidence,Salary withholding reviewed and evidence retained,Income Tax Act 2023 / WHT Rules 2026,Not Required/Below Threshold,Compliant,Low,HR & Compliance,,Closed,https://nbr.gov.bd/regulations/rules/income-tax-rules/eng
COMP-EMP0037-09,EMP0037,2026-06-01,Production,Benefit Enrollment,Eligible employee benefits are recorded and administered,Labour Act/Rules and company policy,Exception,Non-Compliant,Medium,HR & Compliance,2026-07-31,Open,https://bdlaws.minlaw.gov.bd/act-print-952.html
COMP-EMP0038-01,EMP0038,2026-06-01,Human Resources,Appointment Letter,Appointment letter issued and retained,Bangladesh Labour Act s.5 / Rules,Yes,Compliant,Low,HR & Compliance,,Closed,https://bdlaws.minlaw.gov.bd/act-print-952.html
COMP-EMP0038-02,EMP0038,2026-06-01,Human Resources,Photo ID Card,Photo identity card issued,Bangladesh Labour Act s.5,Yes,Compliant,Low,HR & Compliance,,Closed,https://bdlaws.minlaw.gov.bd/act-print-952.html
COMP-EMP0038-03,EMP0038,2026-06-01,Human Resources,Wage Payment Deadline,Wages paid within seven working days after wage period,Bangladesh Labour Act s.123,Yes,Compliant,Low,HR & Compliance,,Closed,https://bdlaws.minlaw.gov.bd/act-print-952.html
COMP-EMP0038-04,EMP0038,2026-06-01,Human Resources,Configured Wage Floor,Pay meets current sector/grade wage gazette configured by the user,Bangladesh Labour Act ss.138-140,Yes,Compliant,Low,HR & Compliance,,Closed,https://bdlaws.minlaw.gov.bd/act-print-952.html
COMP-EMP0038-05,EMP0038,2026-06-01,Human Resources,Overtime Rate,Overtime is paid at the legally required double-rate basis,Bangladesh Labour Act s.108,Yes,Compliant,Low,HR & Compliance,,Closed,https://bdlaws.minlaw.gov.bd/act-print-952.html
COMP-EMP0038-06,EMP0038,2026-06-01,Human Resources,Working Hours,"Daily/weekly limits, rest break and weekly holiday controls",Bangladesh Labour Act ss.100-103,No,Non-Compliant,High,HR & Compliance,2026-07-31,Open,https://bdlaws.minlaw.gov.bd/act-print-952.html
COMP-EMP0038-07,EMP0038,2026-06-01,Human Resources,Leave Records,"Casual, sick, earned and festival leave records maintained",Bangladesh Labour Act ss.115-118,Compliant,Compliant,Low,HR & Compliance,,Closed,https://bdlaws.minlaw.gov.bd/act-print-952.html
COMP-EMP0038-08,EMP0038,2026-06-01,Human Resources,Payroll TDS Evidence,Salary withholding reviewed and evidence retained,Income Tax Act 2023 / WHT Rules 2026,Available,Compliant,Low,HR & Compliance,,Closed,https://nbr.gov.bd/regulations/rules/income-tax-rules/eng
COMP-EMP0038-09,EMP0038,2026-06-01,Human Resources,Benefit Enrollment,Eligible employee benefits are recorded and administered,Labour Act/Rules and company policy,Compliant,Compliant,Low,HR & Compliance,,Closed,https://bdlaws.minlaw.gov.bd/act-print-952.html
COMP-EMP0039-01,EMP0039,2026-06-01,Administration,Appointment Letter,Appointment letter issued and retained,Bangladesh Labour Act s.5 / Rules,Yes,Compliant,Low,HR & Compliance,,Closed,https://bdlaws.minlaw.gov.bd/act-print-952.html
COMP-EMP0039-02,EMP0039,2026-06-01,Administration,Photo ID Card,Photo identity card issued,Bangladesh Labour Act s.5,Yes,Compliant,Low,HR & Compliance,,Closed,https://bdlaws.minlaw.gov.bd/act-print-952.html
COMP-EMP0039-03,EMP0039,2026-06-01,Administration,Wage Payment Deadline,Wages paid within seven working days after wage period,Bangladesh Labour Act s.123,Yes,Compliant,Low,HR & Compliance,,Closed,https://bdlaws.minlaw.gov.bd/act-print-952.html
COMP-EMP0039-04,EMP0039,2026-06-01,Administration,Configured Wage Floor,Pay meets current sector/grade wage gazette configured by the user,Bangladesh Labour Act ss.138-140,Yes,Compliant,Low,HR & Compliance,,Closed,https://bdlaws.minlaw.gov.bd/act-print-952.html
COMP-EMP0039-05,EMP0039,2026-06-01,Administration,Overtime Rate,Overtime is paid at the legally required double-rate basis,Bangladesh Labour Act s.108,Yes,Compliant,Low,HR & Compliance,,Closed,https://bdlaws.minlaw.gov.bd/act-print-952.html
COMP-EMP0039-06,EMP0039,2026-06-01,Administration,Working Hours,"Daily/weekly limits, rest break and weekly holiday controls",Bangladesh Labour Act ss.100-103,Yes,Compliant,Low,HR & Compliance,,Closed,https://bdlaws.minlaw.gov.bd/act-print-952.html
COMP-EMP0039-07,EMP0039,2026-06-01,Administration,Leave Records,"Casual, sick, earned and festival leave records maintained",Bangladesh Labour Act ss.115-118,Compliant,Compliant,Low,HR & Compliance,,Closed,https://bdlaws.minlaw.gov.bd/act-print-952.html
COMP-EMP0039-08,EMP0039,2026-06-01,Administration,Payroll TDS Evidence,Salary withholding reviewed and evidence retained,Income Tax Act 2023 / WHT Rules 2026,Available,Compliant,Low,HR & Compliance,,Closed,https://nbr.gov.bd/regulations/rules/income-tax-rules/eng
COMP-EMP0039-09,EMP0039,2026-06-01,Administration,Benefit Enrollment,Eligible employee benefits are recorded and administered,Labour Act/Rules and company policy,Compliant,Compliant,Low,HR & Compliance,,Closed,https://bdlaws.minlaw.gov.bd/act-print-952.html
COMP-EMP0040-01,EMP0040,2026-06-01,Sales & Marketing,Appointment Letter,Appointment letter issued and retained,Bangladesh Labour Act s.5 / Rules,Yes,Compliant,Low,HR & Compliance,,Closed,https://bdlaws.minlaw.gov.bd/act-print-952.html
COMP-EMP0040-02,EMP0040,2026-06-01,Sales & Marketing,Photo ID Card,Photo identity card issued,Bangladesh Labour Act s.5,Yes,Compliant,Low,HR & Compliance,,Closed,https://bdlaws.minlaw.gov.bd/act-print-952.html
COMP-EMP0040-03,EMP0040,2026-06-01,Sales & Marketing,Wage Payment Deadline,Wages paid within seven working days after wage period,Bangladesh Labour Act s.123,Yes,Compliant,Low,HR & Compliance,,Closed,https://bdlaws.minlaw.gov.bd/act-print-952.html
COMP-EMP0040-04,EMP0040,2026-06-01,Sales & Marketing,Configured Wage Floor,Pay meets current sector/grade wage gazette configured by the user,Bangladesh Labour Act ss.138-140,Yes,Compliant,Low,HR & Compliance,,Closed,https://bdlaws.minlaw.gov.bd/act-print-952.html
COMP-EMP0040-05,EMP0040,2026-06-01,Sales & Marketing,Overtime Rate,Overtime is paid at the legally required double-rate basis,Bangladesh Labour Act s.108,Yes,Compliant,Low,HR & Compliance,,Closed,https://bdlaws.minlaw.gov.bd/act-print-952.html
COMP-EMP0040-06,EMP0040,2026-06-01,Sales & Marketing,Working Hours,"Daily/weekly limits, rest break and weekly holiday controls",Bangladesh Labour Act ss.100-103,Yes,Compliant,Low,HR & Compliance,,Closed,https://bdlaws.minlaw.gov.bd/act-print-952.html
COMP-EMP0040-07,EMP0040,2026-06-01,Sales & Marketing,Leave Records,"Casual, sick, earned and festival leave records maintained",Bangladesh Labour Act ss.115-118,Compliant,Compliant,Low,HR & Compliance,,Closed,https://bdlaws.minlaw.gov.bd/act-print-952.html
COMP-EMP0040-08,EMP0040,2026-06-01,Sales & Marketing,Payroll TDS Evidence,Salary withholding reviewed and evidence retained,Income Tax Act 2023 / WHT Rules 2026,Available,Compliant,Low,HR & Compliance,,Closed,https://nbr.gov.bd/regulations/rules/income-tax-rules/eng
COMP-EMP0040-09,EMP0040,2026-06-01,Sales & Marketing,Benefit Enrollment,Eligible employee benefits are recorded and administered,Labour Act/Rules and company policy,Compliant,Compliant,Low,HR & Compliance,,Closed,https://bdlaws.minlaw.gov.bd/act-print-952.html
COMP-EMP0041-01,EMP0041,2026-06-01,Human Resources,Appointment Letter,Appointment letter issued and retained,Bangladesh Labour Act s.5 / Rules,Yes,Compliant,Low,HR & Compliance,,Closed,https://bdlaws.minlaw.gov.bd/act-print-952.html
COMP-EMP0041-02,EMP0041,2026-06-01,Human Resources,Photo ID Card,Photo identity card issued,Bangladesh Labour Act s.5,No,Non-Compliant,Medium,HR & Compliance,2026-07-31,Open,https://bdlaws.minlaw.gov.bd/act-print-952.html
COMP-EMP0041-03,EMP0041,2026-06-01,Human Resources,Wage Payment Deadline,Wages paid within seven working days after wage period,Bangladesh Labour Act s.123,Yes,Compliant,Low,HR & Compliance,,Closed,https://bdlaws.minlaw.gov.bd/act-print-952.html
COMP-EMP0041-04,EMP0041,2026-06-01,Human Resources,Configured Wage Floor,Pay meets current sector/grade wage gazette configured by the user,Bangladesh Labour Act ss.138-140,Yes,Compliant,Low,HR & Compliance,,Closed,https://bdlaws.minlaw.gov.bd/act-print-952.html
COMP-EMP0041-05,EMP0041,2026-06-01,Human Resources,Overtime Rate,Overtime is paid at the legally required double-rate basis,Bangladesh Labour Act s.108,Yes,Compliant,Low,HR & Compliance,,Closed,https://bdlaws.minlaw.gov.bd/act-print-952.html
COMP-EMP0041-06,EMP0041,2026-06-01,Human Resources,Working Hours,"Daily/weekly limits, rest break and weekly holiday controls",Bangladesh Labour Act ss.100-103,No,Non-Compliant,High,HR & Compliance,2026-07-31,Open,https://bdlaws.minlaw.gov.bd/act-print-952.html
COMP-EMP0041-07,EMP0041,2026-06-01,Human Resources,Leave Records,"Casual, sick, earned and festival leave records maintained",Bangladesh Labour Act ss.115-118,Compliant,Compliant,Low,HR & Compliance,,Closed,https://bdlaws.minlaw.gov.bd/act-print-952.html
COMP-EMP0041-08,EMP0041,2026-06-01,Human Resources,Payroll TDS Evidence,Salary withholding reviewed and evidence retained,Income Tax Act 2023 / WHT Rules 2026,Available,Compliant,Low,HR & Compliance,,Closed,https://nbr.gov.bd/regulations/rules/income-tax-rules/eng
COMP-EMP0041-09,EMP0041,2026-06-01,Human Resources,Benefit Enrollment,Eligible employee benefits are recorded and administered,Labour Act/Rules and company policy,Compliant,Compliant,Low,HR & Compliance,,Closed,https://bdlaws.minlaw.gov.bd/act-print-952.html
COMP-EMP0042-01,EMP0042,2026-06-01,Information Technology,Appointment Letter,Appointment letter issued and retained,Bangladesh Labour Act s.5 / Rules,Yes,Compliant,Low,HR & Compliance,,Closed,https://bdlaws.minlaw.gov.bd/act-print-952.html
COMP-EMP0042-02,EMP0042,2026-06-01,Information Technology,Photo ID Card,Photo identity card issued,Bangladesh Labour Act s.5,Yes,Compliant,Low,HR & Compliance,,Closed,https://bdlaws.minlaw.gov.bd/act-print-952.html
COMP-EMP0042-03,EMP0042,2026-06-01,Information Technology,Wage Payment Deadline,Wages paid within seven working days after wage period,Bangladesh Labour Act s.123,No,Non-Compliant,High,HR & Compliance,2026-07-31,Open,https://bdlaws.minlaw.gov.bd/act-print-952.html
COMP-EMP0042-04,EMP0042,2026-06-01,Information Technology,Configured Wage Floor,Pay meets current sector/grade wage gazette configured by the user,Bangladesh Labour Act ss.138-140,Yes,Compliant,Low,HR & Compliance,,Closed,https://bdlaws.minlaw.gov.bd/act-print-952.html
COMP-EMP0042-05,EMP0042,2026-06-01,Information Technology,Overtime Rate,Overtime is paid at the legally required double-rate basis,Bangladesh Labour Act s.108,Yes,Compliant,Low,HR & Compliance,,Closed,https://bdlaws.minlaw.gov.bd/act-print-952.html
COMP-EMP0042-06,EMP0042,2026-06-01,Information Technology,Working Hours,"Daily/weekly limits, rest break and weekly holiday controls",Bangladesh Labour Act ss.100-103,Yes,Compliant,Low,HR & Compliance,,Closed,https://bdlaws.minlaw.gov.bd/act-print-952.html
COMP-EMP0042-07,EMP0042,2026-06-01,Information Technology,Leave Records,"Casual, sick, earned and festival leave records maintained",Bangladesh Labour Act ss.115-118,Compliant,Compliant,Low,HR & Compliance,,Closed,https://bdlaws.minlaw.gov.bd/act-print-952.html
COMP-EMP0042-08,EMP0042,2026-06-01,Information Technology,Payroll TDS Evidence,Salary withholding reviewed and evidence retained,Income Tax Act 2023 / WHT Rules 2026,Available,Compliant,Low,HR & Compliance,,Closed,https://nbr.gov.bd/regulations/rules/income-tax-rules/eng
COMP-EMP0042-09,EMP0042,2026-06-01,Information Technology,Benefit Enrollment,Eligible employee benefits are recorded and administered,Labour Act/Rules and company policy,Compliant,Compliant,Low,HR & Compliance,,Closed,https://bdlaws.minlaw.gov.bd/act-print-952.html
COMP-EMP0043-01,EMP0043,2026-06-01,Sales & Marketing,Appointment Letter,Appointment letter issued and retained,Bangladesh Labour Act s.5 / Rules,Yes,Compliant,Low,HR & Compliance,,Closed,https://bdlaws.minlaw.gov.bd/act-print-952.html
COMP-EMP0043-02,EMP0043,2026-06-01,Sales & Marketing,Photo ID Card,Photo identity card issued,Bangladesh Labour Act s.5,Yes,Compliant,Low,HR & Compliance,,Closed,https://bdlaws.minlaw.gov.bd/act-print-952.html
COMP-EMP0043-03,EMP0043,2026-06-01,Sales & Marketing,Wage Payment Deadline,Wages paid within seven working days after wage period,Bangladesh Labour Act s.123,Yes,Compliant,Low,HR & Compliance,,Closed,https://bdlaws.minlaw.gov.bd/act-print-952.html
COMP-EMP0043-04,EMP0043,2026-06-01,Sales & Marketing,Configured Wage Floor,Pay meets current sector/grade wage gazette configured by the user,Bangladesh Labour Act ss.138-140,Yes,Compliant,Low,HR & Compliance,,Closed,https://bdlaws.minlaw.gov.bd/act-print-952.html
COMP-EMP0043-05,EMP0043,2026-06-01,Sales & Marketing,Overtime Rate,Overtime is paid at the legally required double-rate basis,Bangladesh Labour Act s.108,Yes,Compliant,Low,HR & Compliance,,Closed,https://bdlaws.minlaw.gov.bd/act-print-952.html
COMP-EMP0043-06,EMP0043,2026-06-01,Sales & Marketing,Working Hours,"Daily/weekly limits, rest break and weekly holiday controls",Bangladesh Labour Act ss.100-103,Yes,Compliant,Low,HR & Compliance,,Closed,https://bdlaws.minlaw.gov.bd/act-print-952.html
COMP-EMP0043-07,EMP0043,2026-06-01,Sales & Marketing,Leave Records,"Casual, sick, earned and festival leave records maintained",Bangladesh Labour Act ss.115-118,Compliant,Compliant,Low,HR & Compliance,,Closed,https://bdlaws.minlaw.gov.bd/act-print-952.html
COMP-EMP0043-08,EMP0043,2026-06-01,Sales & Marketing,Payroll TDS Evidence,Salary withholding reviewed and evidence retained,Income Tax Act 2023 / WHT Rules 2026,Available,Compliant,Low,HR & Compliance,,Closed,https://nbr.gov.bd/regulations/rules/income-tax-rules/eng
COMP-EMP0043-09,EMP0043,2026-06-01,Sales & Marketing,Benefit Enrollment,Eligible employee benefits are recorded and administered,Labour Act/Rules and company policy,Exception,Non-Compliant,Medium,HR & Compliance,2026-07-31,Open,https://bdlaws.minlaw.gov.bd/act-print-952.html
COMP-EMP0044-01,EMP0044,2026-06-01,Sales & Marketing,Appointment Letter,Appointment letter issued and retained,Bangladesh Labour Act s.5 / Rules,Yes,Compliant,Low,HR & Compliance,,Closed,https://bdlaws.minlaw.gov.bd/act-print-952.html
COMP-EMP0044-02,EMP0044,2026-06-01,Sales & Marketing,Photo ID Card,Photo identity card issued,Bangladesh Labour Act s.5,Yes,Compliant,Low,HR & Compliance,,Closed,https://bdlaws.minlaw.gov.bd/act-print-952.html
COMP-EMP0044-03,EMP0044,2026-06-01,Sales & Marketing,Wage Payment Deadline,Wages paid within seven working days after wage period,Bangladesh Labour Act s.123,Yes,Compliant,Low,HR & Compliance,,Closed,https://bdlaws.minlaw.gov.bd/act-print-952.html
COMP-EMP0044-04,EMP0044,2026-06-01,Sales & Marketing,Configured Wage Floor,Pay meets current sector/grade wage gazette configured by the user,Bangladesh Labour Act ss.138-140,Yes,Compliant,Low,HR & Compliance,,Closed,https://bdlaws.minlaw.gov.bd/act-print-952.html
COMP-EMP0044-05,EMP0044,2026-06-01,Sales & Marketing,Overtime Rate,Overtime is paid at the legally required double-rate basis,Bangladesh Labour Act s.108,Yes,Compliant,Low,HR & Compliance,,Closed,https://bdlaws.minlaw.gov.bd/act-print-952.html
COMP-EMP0044-06,EMP0044,2026-06-01,Sales & Marketing,Working Hours,"Daily/weekly limits, rest break and weekly holiday controls",Bangladesh Labour Act ss.100-103,Yes,Compliant,Low,HR & Compliance,,Closed,https://bdlaws.minlaw.gov.bd/act-print-952.html
COMP-EMP0044-07,EMP0044,2026-06-01,Sales & Marketing,Leave Records,"Casual, sick, earned and festival leave records maintained",Bangladesh Labour Act ss.115-118,Compliant,Compliant,Low,HR & Compliance,,Closed,https://bdlaws.minlaw.gov.bd/act-print-952.html
COMP-EMP0044-08,EMP0044,2026-06-01,Sales & Marketing,Payroll TDS Evidence,Salary withholding reviewed and evidence retained,Income Tax Act 2023 / WHT Rules 2026,Available,Compliant,Low,HR & Compliance,,Closed,https://nbr.gov.bd/regulations/rules/income-tax-rules/eng
COMP-EMP0044-09,EMP0044,2026-06-01,Sales & Marketing,Benefit Enrollment,Eligible employee benefits are recorded and administered,Labour Act/Rules and company policy,Exception,Non-Compliant,Medium,HR & Compliance,2026-07-31,Open,https://bdlaws.minlaw.gov.bd/act-print-952.html
COMP-EMP0045-01,EMP0045,2026-06-01,Production,Appointment Letter,Appointment letter issued and retained,Bangladesh Labour Act s.5 / Rules,Yes,Compliant,Low,HR & Compliance,,Closed,https://bdlaws.minlaw.gov.bd/act-print-952.html
COMP-EMP0045-02,EMP0045,2026-06-01,Production,Photo ID Card,Photo identity card issued,Bangladesh Labour Act s.5,Yes,Compliant,Low,HR & Compliance,,Closed,https://bdlaws.minlaw.gov.bd/act-print-952.html
COMP-EMP0045-03,EMP0045,2026-06-01,Production,Wage Payment Deadline,Wages paid within seven working days after wage period,Bangladesh Labour Act s.123,Yes,Compliant,Low,HR & Compliance,,Closed,https://bdlaws.minlaw.gov.bd/act-print-952.html
COMP-EMP0045-04,EMP0045,2026-06-01,Production,Configured Wage Floor,Pay meets current sector/grade wage gazette configured by the user,Bangladesh Labour Act ss.138-140,Yes,Compliant,Low,HR & Compliance,,Closed,https://bdlaws.minlaw.gov.bd/act-print-952.html
COMP-EMP0045-05,EMP0045,2026-06-01,Production,Overtime Rate,Overtime is paid at the legally required double-rate basis,Bangladesh Labour Act s.108,Yes,Compliant,Low,HR & Compliance,,Closed,https://bdlaws.minlaw.gov.bd/act-print-952.html
COMP-EMP0045-06,EMP0045,2026-06-01,Production,Working Hours,"Daily/weekly limits, rest break and weekly holiday controls",Bangladesh Labour Act ss.100-103,Yes,Compliant,Low,HR & Compliance,,Closed,https://bdlaws.minlaw.gov.bd/act-print-952.html
COMP-EMP0045-07,EMP0045,2026-06-01,Production,Leave Records,"Casual, sick, earned and festival leave records maintained",Bangladesh Labour Act ss.115-118,Compliant,Compliant,Low,HR & Compliance,,Closed,https://bdlaws.minlaw.gov.bd/act-print-952.html
COMP-EMP0045-08,EMP0045,2026-06-01,Production,Payroll TDS Evidence,Salary withholding reviewed and evidence retained,Income Tax Act 2023 / WHT Rules 2026,Not Required/Below Threshold,Compliant,Low,HR & Compliance,,Closed,https://nbr.gov.bd/regulations/rules/income-tax-rules/eng
COMP-EMP0045-09,EMP0045,2026-06-01,Production,Benefit Enrollment,Eligible employee benefits are recorded and administered,Labour Act/Rules and company policy,Compliant,Compliant,Low,HR & Compliance,,Closed,https://bdlaws.minlaw.gov.bd/act-print-952.html
COMP-EMP0046-01,EMP0046,2026-06-01,Production,Appointment Letter,Appointment letter issued and retained,Bangladesh Labour Act s.5 / Rules,Yes,Compliant,Low,HR & Compliance,,Closed,https://bdlaws.minlaw.gov.bd/act-print-952.html
COMP-EMP0046-02,EMP0046,2026-06-01,Production,Photo ID Card,Photo identity card issued,Bangladesh Labour Act s.5,Yes,Compliant,Low,HR & Compliance,,Closed,https://bdlaws.minlaw.gov.bd/act-print-952.html
COMP-EMP0046-03,EMP0046,2026-06-01,Production,Wage Payment Deadline,Wages paid within seven working days after wage period,Bangladesh Labour Act s.123,Yes,Compliant,Low,HR & Compliance,,Closed,https://bdlaws.minlaw.gov.bd/act-print-952.html
COMP-EMP0046-04,EMP0046,2026-06-01,Production,Configured Wage Floor,Pay meets current sector/grade wage gazette configured by the user,Bangladesh Labour Act ss.138-140,Yes,Compliant,Low,HR & Compliance,,Closed,https://bdlaws.minlaw.gov.bd/act-print-952.html
COMP-EMP0046-05,EMP0046,2026-06-01,Production,Overtime Rate,Overtime is paid at the legally required double-rate basis,Bangladesh Labour Act s.108,Yes,Compliant,Low,HR & Compliance,,Closed,https://bdlaws.minlaw.gov.bd/act-print-952.html
COMP-EMP0046-06,EMP0046,2026-06-01,Production,Working Hours,"Daily/weekly limits, rest break and weekly holiday controls",Bangladesh Labour Act ss.100-103,Yes,Compliant,Low,HR & Compliance,,Closed,https://bdlaws.minlaw.gov.bd/act-print-952.html
COMP-EMP0046-07,EMP0046,2026-06-01,Production,Leave Records,"Casual, sick, earned and festival leave records maintained",Bangladesh Labour Act ss.115-118,Compliant,Compliant,Low,HR & Compliance,,Closed,https://bdlaws.minlaw.gov.bd/act-print-952.html
COMP-EMP0046-08,EMP0046,2026-06-01,Production,Payroll TDS Evidence,Salary withholding reviewed and evidence retained,Income Tax Act 2023 / WHT Rules 2026,Available,Compliant,Low,HR & Compliance,,Closed,https://nbr.gov.bd/regulations/rules/income-tax-rules/eng
COMP-EMP0046-09,EMP0046,2026-06-01,Production,Benefit Enrollment,Eligible employee benefits are recorded and administered,Labour Act/Rules and company policy,Exception,Non-Compliant,Medium,HR & Compliance,2026-07-31,Open,https://bdlaws.minlaw.gov.bd/act-print-952.html
COMP-EMP0047-01,EMP0047,2026-06-01,Quality Assurance,Appointment Letter,Appointment letter issued and retained,Bangladesh Labour Act s.5 / Rules,No,Non-Compliant,High,HR & Compliance,2026-07-31,Open,https://bdlaws.minlaw.gov.bd/act-print-952.html
COMP-EMP0047-02,EMP0047,2026-06-01,Quality Assurance,Photo ID Card,Photo identity card issued,Bangladesh Labour Act s.5,Yes,Compliant,Low,HR & Compliance,,Closed,https://bdlaws.minlaw.gov.bd/act-print-952.html
COMP-EMP0047-03,EMP0047,2026-06-01,Quality Assurance,Wage Payment Deadline,Wages paid within seven working days after wage period,Bangladesh Labour Act s.123,Yes,Compliant,Low,HR & Compliance,,Closed,https://bdlaws.minlaw.gov.bd/act-print-952.html
COMP-EMP0047-04,EMP0047,2026-06-01,Quality Assurance,Configured Wage Floor,Pay meets current sector/grade wage gazette configured by the user,Bangladesh Labour Act ss.138-140,Yes,Compliant,Low,HR & Compliance,,Closed,https://bdlaws.minlaw.gov.bd/act-print-952.html
COMP-EMP0047-05,EMP0047,2026-06-01,Quality Assurance,Overtime Rate,Overtime is paid at the legally required double-rate basis,Bangladesh Labour Act s.108,Yes,Compliant,Low,HR & Compliance,,Closed,https://bdlaws.minlaw.gov.bd/act-print-952.html
COMP-EMP0047-06,EMP0047,2026-06-01,Quality Assurance,Working Hours,"Daily/weekly limits, rest break and weekly holiday controls",Bangladesh Labour Act ss.100-103,Yes,Compliant,Low,HR & Compliance,,Closed,https://bdlaws.minlaw.gov.bd/act-print-952.html
COMP-EMP0047-07,EMP0047,2026-06-01,Quality Assurance,Leave Records,"Casual, sick, earned and festival leave records maintained",Bangladesh Labour Act ss.115-118,Compliant,Compliant,Low,HR & Compliance,,Closed,https://bdlaws.minlaw.gov.bd/act-print-952.html
COMP-EMP0047-08,EMP0047,2026-06-01,Quality Assurance,Payroll TDS Evidence,Salary withholding reviewed and evidence retained,Income Tax Act 2023 / WHT Rules 2026,Not Required/Below Threshold,Compliant,Low,HR & Compliance,,Closed,https://nbr.gov.bd/regulations/rules/income-tax-rules/eng
COMP-EMP0047-09,EMP0047,2026-06-01,Quality Assurance,Benefit Enrollment,Eligible employee benefits are recorded and administered,Labour Act/Rules and company policy,Exception,Non-Compliant,Medium,HR & Compliance,2026-07-31,Open,https://bdlaws.minlaw.gov.bd/act-print-952.html
COMP-EMP0048-01,EMP0048,2026-06-01,Finance & Accounts,Appointment Letter,Appointment letter issued and retained,Bangladesh Labour Act s.5 / Rules,No,Non-Compliant,High,HR & Compliance,2026-07-31,Open,https://bdlaws.minlaw.gov.bd/act-print-952.html
COMP-EMP0048-02,EMP0048,2026-06-01,Finance & Accounts,Photo ID Card,Photo identity card issued,Bangladesh Labour Act s.5,Yes,Compliant,Low,HR & Compliance,,Closed,https://bdlaws.minlaw.gov.bd/act-print-952.html
COMP-EMP0048-03,EMP0048,2026-06-01,Finance & Accounts,Wage Payment Deadline,Wages paid within seven working days after wage period,Bangladesh Labour Act s.123,Yes,Compliant,Low,HR & Compliance,,Closed,https://bdlaws.minlaw.gov.bd/act-print-952.html
COMP-EMP0048-04,EMP0048,2026-06-01,Finance & Accounts,Configured Wage Floor,Pay meets current sector/grade wage gazette configured by the user,Bangladesh Labour Act ss.138-140,Yes,Compliant,Low,HR & Compliance,,Closed,https://bdlaws.minlaw.gov.bd/act-print-952.html
COMP-EMP0048-05,EMP0048,2026-06-01,Finance & Accounts,Overtime Rate,Overtime is paid at the legally required double-rate basis,Bangladesh Labour Act s.108,No,Non-Compliant,High,HR & Compliance,2026-07-31,Open,https://bdlaws.minlaw.gov.bd/act-print-952.html
COMP-EMP0048-06,EMP0048,2026-06-01,Finance & Accounts,Working Hours,"Daily/weekly limits, rest break and weekly holiday controls",Bangladesh Labour Act ss.100-103,No,Non-Compliant,High,HR & Compliance,2026-07-31,Open,https://bdlaws.minlaw.gov.bd/act-print-952.html
COMP-EMP0048-07,EMP0048,2026-06-01,Finance & Accounts,Leave Records,"Casual, sick, earned and festival leave records maintained",Bangladesh Labour Act ss.115-118,Compliant,Compliant,Low,HR & Compliance,,Closed,https://bdlaws.minlaw.gov.bd/act-print-952.html
COMP-EMP0048-08,EMP0048,2026-06-01,Finance & Accounts,Payroll TDS Evidence,Salary withholding reviewed and evidence retained,Income Tax Act 2023 / WHT Rules 2026,Not Required/Below Threshold,Compliant,Low,HR & Compliance,,Closed,https://nbr.gov.bd/regulations/rules/income-tax-rules/eng
COMP-EMP0048-09,EMP0048,2026-06-01,Finance & Accounts,Benefit Enrollment,Eligible employee benefits are recorded and administered,Labour Act/Rules and company policy,Compliant,Compliant,Low,HR & Compliance,,Closed,https://bdlaws.minlaw.gov.bd/act-print-952.html
COMP-EMP0049-01,EMP0049,2026-06-01,Supply Chain,Appointment Letter,Appointment letter issued and retained,Bangladesh Labour Act s.5 / Rules,Yes,Compliant,Low,HR & Compliance,,Closed,https://bdlaws.minlaw.gov.bd/act-print-952.html
COMP-EMP0049-02,EMP0049,2026-06-01,Supply Chain,Photo ID Card,Photo identity card issued,Bangladesh Labour Act s.5,Yes,Compliant,Low,HR & Compliance,,Closed,https://bdlaws.minlaw.gov.bd/act-print-952.html
COMP-EMP0049-03,EMP0049,2026-06-01,Supply Chain,Wage Payment Deadline,Wages paid within seven working days after wage period,Bangladesh Labour Act s.123,Yes,Compliant,Low,HR & Compliance,,Closed,https://bdlaws.minlaw.gov.bd/act-print-952.html
COMP-EMP0049-04,EMP0049,2026-06-01,Supply Chain,Configured Wage Floor,Pay meets current sector/grade wage gazette configured by the user,Bangladesh Labour Act ss.138-140,Yes,Compliant,Low,HR & Compliance,,Closed,https://bdlaws.minlaw.gov.bd/act-print-952.html
COMP-EMP0049-05,EMP0049,2026-06-01,Supply Chain,Overtime Rate,Overtime is paid at the legally required double-rate basis,Bangladesh Labour Act s.108,Yes,Compliant,Low,HR & Compliance,,Closed,https://bdlaws.minlaw.gov.bd/act-print-952.html
COMP-EMP0049-06,EMP0049,2026-06-01,Supply Chain,Working Hours,"Daily/weekly limits, rest break and weekly holiday controls",Bangladesh Labour Act ss.100-103,No,Non-Compliant,High,HR & Compliance,2026-07-31,Open,https://bdlaws.minlaw.gov.bd/act-print-952.html
COMP-EMP0049-07,EMP0049,2026-06-01,Supply Chain,Leave Records,"Casual, sick, earned and festival leave records maintained",Bangladesh Labour Act ss.115-118,Compliant,Compliant,Low,HR & Compliance,,Closed,https://bdlaws.minlaw.gov.bd/act-print-952.html
COMP-EMP0049-08,EMP0049,2026-06-01,Supply Chain,Payroll TDS Evidence,Salary withholding reviewed and evidence retained,Income Tax Act 2023 / WHT Rules 2026,Not Required/Below Threshold,Compliant,Low,HR & Compliance,,Closed,https://nbr.gov.bd/regulations/rules/income-tax-rules/eng
COMP-EMP0049-09,EMP0049,2026-06-01,Supply Chain,Benefit Enrollment,Eligible employee benefits are recorded and administered,Labour Act/Rules and company policy,Compliant,Compliant,Low,HR & Compliance,,Closed,https://bdlaws.minlaw.gov.bd/act-print-952.html
COMP-EMP0050-01,EMP0050,2026-06-01,Production,Appointment Letter,Appointment letter issued and retained,Bangladesh Labour Act s.5 / Rules,Yes,Compliant,Low,HR & Compliance,,Closed,https://bdlaws.minlaw.gov.bd/act-print-952.html
COMP-EMP0050-02,EMP0050,2026-06-01,Production,Photo ID Card,Photo identity card issued,Bangladesh Labour Act s.5,Yes,Compliant,Low,HR & Compliance,,Closed,https://bdlaws.minlaw.gov.bd/act-print-952.html
COMP-EMP0050-03,EMP0050,2026-06-01,Production,Wage Payment Deadline,Wages paid within seven working days after wage period,Bangladesh Labour Act s.123,Yes,Compliant,Low,HR & Compliance,,Closed,https://bdlaws.minlaw.gov.bd/act-print-952.html
COMP-EMP0050-04,EMP0050,2026-06-01,Production,Configured Wage Floor,Pay meets current sector/grade wage gazette configured by the user,Bangladesh Labour Act ss.138-140,Yes,Compliant,Low,HR & Compliance,,Closed,https://bdlaws.minlaw.gov.bd/act-print-952.html
COMP-EMP0050-05,EMP0050,2026-06-01,Production,Overtime Rate,Overtime is paid at the legally required double-rate basis,Bangladesh Labour Act s.108,Yes,Compliant,Low,HR & Compliance,,Closed,https://bdlaws.minlaw.gov.bd/act-print-952.html
COMP-EMP0050-06,EMP0050,2026-06-01,Production,Working Hours,"Daily/weekly limits, rest break and weekly holiday controls",Bangladesh Labour Act ss.100-103,Yes,Compliant,Low,HR & Compliance,,Closed,https://bdlaws.minlaw.gov.bd/act-print-952.html
COMP-EMP0050-07,EMP0050,2026-06-01,Production,Leave Records,"Casual, sick, earned and festival leave records maintained",Bangladesh Labour Act ss.115-118,Compliant,Compliant,Low,HR & Compliance,,Closed,https://bdlaws.minlaw.gov.bd/act-print-952.html
COMP-EMP0050-08,EMP0050,2026-06-01,Production,Payroll TDS Evidence,Salary withholding reviewed and evidence retained,Income Tax Act 2023 / WHT Rules 2026,Not Required/Below Threshold,Compliant,Low,HR & Compliance,,Closed,https://nbr.gov.bd/regulations/rules/income-tax-rules/eng
COMP-EMP0050-09,EMP0050,2026-06-01,Production,Benefit Enrollment,Eligible employee benefits are recorded and administered,Labour Act/Rules and company policy,Compliant,Compliant,Low,HR & Compliance,,Closed,https://bdlaws.minlaw.gov.bd/act-print-952.html
COMP-EMP0051-01,EMP0051,2026-06-01,Sales & Marketing,Appointment Letter,Appointment letter issued and retained,Bangladesh Labour Act s.5 / Rules,Yes,Compliant,Low,HR & Compliance,,Closed,https://bdlaws.minlaw.gov.bd/act-print-952.html
COMP-EMP0051-02,EMP0051,2026-06-01,Sales & Marketing,Photo ID Card,Photo identity card issued,Bangladesh Labour Act s.5,Yes,Compliant,Low,HR & Compliance,,Closed,https://bdlaws.minlaw.gov.bd/act-print-952.html
COMP-EMP0051-03,EMP0051,2026-06-01,Sales & Marketing,Wage Payment Deadline,Wages paid within seven working days after wage period,Bangladesh Labour Act s.123,Yes,Compliant,Low,HR & Compliance,,Closed,https://bdlaws.minlaw.gov.bd/act-print-952.html
COMP-EMP0051-04,EMP0051,2026-06-01,Sales & Marketing,Configured Wage Floor,Pay meets current sector/grade wage gazette configured by the user,Bangladesh Labour Act ss.138-140,Yes,Compliant,Low,HR & Compliance,,Closed,https://bdlaws.minlaw.gov.bd/act-print-952.html
COMP-EMP0051-05,EMP0051,2026-06-01,Sales & Marketing,Overtime Rate,Overtime is paid at the legally required double-rate basis,Bangladesh Labour Act s.108,Yes,Compliant,Low,HR & Compliance,,Closed,https://bdlaws.minlaw.gov.bd/act-print-952.html
COMP-EMP0051-06,EMP0051,2026-06-01,Sales & Marketing,Working Hours,"Daily/weekly limits, rest break and weekly holiday controls",Bangladesh Labour Act ss.100-103,Yes,Compliant,Low,HR & Compliance,,Closed,https://bdlaws.minlaw.gov.bd/act-print-952.html
COMP-EMP0051-07,EMP0051,2026-06-01,Sales & Marketing,Leave Records,"Casual, sick, earned and festival leave records maintained",Bangladesh Labour Act ss.115-118,Compliant,Compliant,Low,HR & Compliance,,Closed,https://bdlaws.minlaw.gov.bd/act-print-952.html
COMP-EMP0051-08,EMP0051,2026-06-01,Sales & Marketing,Payroll TDS Evidence,Salary withholding reviewed and evidence retained,Income Tax Act 2023 / WHT Rules 2026,Missing,Non-Compliant,Medium,HR & Compliance,2026-07-31,Open,https://nbr.gov.bd/regulations/rules/income-tax-rules/eng
COMP-EMP0051-09,EMP0051,2026-06-01,Sales & Marketing,Benefit Enrollment,Eligible employee benefits are recorded and administered,Labour Act/Rules and company policy,Compliant,Compliant,Low,HR & Compliance,,Closed,https://bdlaws.minlaw.gov.bd/act-print-952.html
COMP-EMP0052-01,EMP0052,2026-06-01,Information Technology,Appointment Letter,Appointment letter issued and retained,Bangladesh Labour Act s.5 / Rules,Yes,Compliant,Low,HR & Compliance,,Closed,https://bdlaws.minlaw.gov.bd/act-print-952.html
COMP-EMP0052-02,EMP0052,2026-06-01,Information Technology,Photo ID Card,Photo identity card issued,Bangladesh Labour Act s.5,Yes,Compliant,Low,HR & Compliance,,Closed,https://bdlaws.minlaw.gov.bd/act-print-952.html
COMP-EMP0052-03,EMP0052,2026-06-01,Information Technology,Wage Payment Deadline,Wages paid within seven working days after wage period,Bangladesh Labour Act s.123,Yes,Compliant,Low,HR & Compliance,,Closed,https://bdlaws.minlaw.gov.bd/act-print-952.html
COMP-EMP0052-04,EMP0052,2026-06-01,Information Technology,Configured Wage Floor,Pay meets current sector/grade wage gazette configured by the user,Bangladesh Labour Act ss.138-140,Yes,Compliant,Low,HR & Compliance,,Closed,https://bdlaws.minlaw.gov.bd/act-print-952.html
COMP-EMP0052-05,EMP0052,2026-06-01,Information Technology,Overtime Rate,Overtime is paid at the legally required double-rate basis,Bangladesh Labour Act s.108,Yes,Compliant,Low,HR & Compliance,,Closed,https://bdlaws.minlaw.gov.bd/act-print-952.html
COMP-EMP0052-06,EMP0052,2026-06-01,Information Technology,Working Hours,"Daily/weekly limits, rest break and weekly holiday controls",Bangladesh Labour Act ss.100-103,Yes,Compliant,Low,HR & Compliance,,Closed,https://bdlaws.minlaw.gov.bd/act-print-952.html
COMP-EMP0052-07,EMP0052,2026-06-01,Information Technology,Leave Records,"Casual, sick, earned and festival leave records maintained",Bangladesh Labour Act ss.115-118,Compliant,Compliant,Low,HR & Compliance,,Closed,https://bdlaws.minlaw.gov.bd/act-print-952.html
COMP-EMP0052-08,EMP0052,2026-06-01,Information Technology,Payroll TDS Evidence,Salary withholding reviewed and evidence retained,Income Tax Act 2023 / WHT Rules 2026,Not Required/Below Threshold,Compliant,Low,HR & Compliance,,Closed,https://nbr.gov.bd/regulations/rules/income-tax-rules/eng
COMP-EMP0052-09,EMP0052,2026-06-01,Information Technology,Benefit Enrollment,Eligible employee benefits are recorded and administered,Labour Act/Rules and company policy,Compliant,Compliant,Low,HR & Compliance,,Closed,https://bdlaws.minlaw.gov.bd/act-print-952.html
COMP-EMP0053-01,EMP0053,2026-06-01,Production,Appointment Letter,Appointment letter issued and retained,Bangladesh Labour Act s.5 / Rules,Yes,Compliant,Low,HR & Compliance,,Closed,https://bdlaws.minlaw.gov.bd/act-print-952.html
COMP-EMP0053-02,EMP0053,2026-06-01,Production,Photo ID Card,Photo identity card issued,Bangladesh Labour Act s.5,Yes,Compliant,Low,HR & Compliance,,Closed,https://bdlaws.minlaw.gov.bd/act-print-952.html
COMP-EMP0053-03,EMP0053,2026-06-01,Production,Wage Payment Deadline,Wages paid within seven working days after wage period,Bangladesh Labour Act s.123,Yes,Compliant,Low,HR & Compliance,,Closed,https://bdlaws.minlaw.gov.bd/act-print-952.html
COMP-EMP0053-04,EMP0053,2026-06-01,Production,Configured Wage Floor,Pay meets current sector/grade wage gazette configured by the user,Bangladesh Labour Act ss.138-140,Yes,Compliant,Low,HR & Compliance,,Closed,https://bdlaws.minlaw.gov.bd/act-print-952.html
COMP-EMP0053-05,EMP0053,2026-06-01,Production,Overtime Rate,Overtime is paid at the legally required double-rate basis,Bangladesh Labour Act s.108,Yes,Compliant,Low,HR & Compliance,,Closed,https://bdlaws.minlaw.gov.bd/act-print-952.html
COMP-EMP0053-06,EMP0053,2026-06-01,Production,Working Hours,"Daily/weekly limits, rest break and weekly holiday controls",Bangladesh Labour Act ss.100-103,Yes,Compliant,Low,HR & Compliance,,Closed,https://bdlaws.minlaw.gov.bd/act-print-952.html
COMP-EMP0053-07,EMP0053,2026-06-01,Production,Leave Records,"Casual, sick, earned and festival leave records maintained",Bangladesh Labour Act ss.115-118,Compliant,Compliant,Low,HR & Compliance,,Closed,https://bdlaws.minlaw.gov.bd/act-print-952.html
COMP-EMP0053-08,EMP0053,2026-06-01,Production,Payroll TDS Evidence,Salary withholding reviewed and evidence retained,Income Tax Act 2023 / WHT Rules 2026,Available,Compliant,Low,HR & Compliance,,Closed,https://nbr.gov.bd/regulations/rules/income-tax-rules/eng
COMP-EMP0053-09,EMP0053,2026-06-01,Production,Benefit Enrollment,Eligible employee benefits are recorded and administered,Labour Act/Rules and company policy,Exception,Non-Compliant,Medium,HR & Compliance,2026-07-31,Open,https://bdlaws.minlaw.gov.bd/act-print-952.html
COMP-EMP0054-01,EMP0054,2026-06-01,Administration,Appointment Letter,Appointment letter issued and retained,Bangladesh Labour Act s.5 / Rules,Yes,Compliant,Low,HR & Compliance,,Closed,https://bdlaws.minlaw.gov.bd/act-print-952.html
COMP-EMP0054-02,EMP0054,2026-06-01,Administration,Photo ID Card,Photo identity card issued,Bangladesh Labour Act s.5,Yes,Compliant,Low,HR & Compliance,,Closed,https://bdlaws.minlaw.gov.bd/act-print-952.html
COMP-EMP0054-03,EMP0054,2026-06-01,Administration,Wage Payment Deadline,Wages paid within seven working days after wage period,Bangladesh Labour Act s.123,Yes,Compliant,Low,HR & Compliance,,Closed,https://bdlaws.minlaw.gov.bd/act-print-952.html
COMP-EMP0054-04,EMP0054,2026-06-01,Administration,Configured Wage Floor,Pay meets current sector/grade wage gazette configured by the user,Bangladesh Labour Act ss.138-140,Yes,Compliant,Low,HR & Compliance,,Closed,https://bdlaws.minlaw.gov.bd/act-print-952.html
COMP-EMP0054-05,EMP0054,2026-06-01,Administration,Overtime Rate,Overtime is paid at the legally required double-rate basis,Bangladesh Labour Act s.108,Yes,Compliant,Low,HR & Compliance,,Closed,https://bdlaws.minlaw.gov.bd/act-print-952.html
COMP-EMP0054-06,EMP0054,2026-06-01,Administration,Working Hours,"Daily/weekly limits, rest break and weekly holiday controls",Bangladesh Labour Act ss.100-103,Yes,Compliant,Low,HR & Compliance,,Closed,https://bdlaws.minlaw.gov.bd/act-print-952.html
COMP-EMP0054-07,EMP0054,2026-06-01,Administration,Leave Records,"Casual, sick, earned and festival leave records maintained",Bangladesh Labour Act ss.115-118,Compliant,Compliant,Low,HR & Compliance,,Closed,https://bdlaws.minlaw.gov.bd/act-print-952.html
COMP-EMP0054-08,EMP0054,2026-06-01,Administration,Payroll TDS Evidence,Salary withholding reviewed and evidence retained,Income Tax Act 2023 / WHT Rules 2026,Available,Compliant,Low,HR & Compliance,,Closed,https://nbr.gov.bd/regulations/rules/income-tax-rules/eng
COMP-EMP0054-09,EMP0054,2026-06-01,Administration,Benefit Enrollment,Eligible employee benefits are recorded and administered,Labour Act/Rules and company policy,Compliant,Compliant,Low,HR & Compliance,,Closed,https://bdlaws.minlaw.gov.bd/act-print-952.html
COMP-EMP0055-01,EMP0055,2026-06-01,Human Resources,Appointment Letter,Appointment letter issued and retained,Bangladesh Labour Act s.5 / Rules,Yes,Compliant,Low,HR & Compliance,,Closed,https://bdlaws.minlaw.gov.bd/act-print-952.html
COMP-EMP0055-02,EMP0055,2026-06-01,Human Resources,Photo ID Card,Photo identity card issued,Bangladesh Labour Act s.5,Yes,Compliant,Low,HR & Compliance,,Closed,https://bdlaws.minlaw.gov.bd/act-print-952.html
COMP-EMP0055-03,EMP0055,2026-06-01,Human Resources,Wage Payment Deadline,Wages paid within seven working days after wage period,Bangladesh Labour Act s.123,Yes,Compliant,Low,HR & Compliance,,Closed,https://bdlaws.minlaw.gov.bd/act-print-952.html
COMP-EMP0055-04,EMP0055,2026-06-01,Human Resources,Configured Wage Floor,Pay meets current sector/grade wage gazette configured by the user,Bangladesh Labour Act ss.138-140,Yes,Compliant,Low,HR & Compliance,,Closed,https://bdlaws.minlaw.gov.bd/act-print-952.html
COMP-EMP0055-05,EMP0055,2026-06-01,Human Resources,Overtime Rate,Overtime is paid at the legally required double-rate basis,Bangladesh Labour Act s.108,Yes,Compliant,Low,HR & Compliance,,Closed,https://bdlaws.minlaw.gov.bd/act-print-952.html
COMP-EMP0055-06,EMP0055,2026-06-01,Human Resources,Working Hours,"Daily/weekly limits, rest break and weekly holiday controls",Bangladesh Labour Act ss.100-103,Yes,Compliant,Low,HR & Compliance,,Closed,https://bdlaws.minlaw.gov.bd/act-print-952.html
COMP-EMP0055-07,EMP0055,2026-06-01,Human Resources,Leave Records,"Casual, sick, earned and festival leave records maintained",Bangladesh Labour Act ss.115-118,Compliant,Compliant,Low,HR & Compliance,,Closed,https://bdlaws.minlaw.gov.bd/act-print-952.html
COMP-EMP0055-08,EMP0055,2026-06-01,Human Resources,Payroll TDS Evidence,Salary withholding reviewed and evidence retained,Income Tax Act 2023 / WHT Rules 2026,Not Required/Below Threshold,Compliant,Low,HR & Compliance,,Closed,https://nbr.gov.bd/regulations/rules/income-tax-rules/eng
COMP-EMP0055-09,EMP0055,2026-06-01,Human Resources,Benefit Enrollment,Eligible employee benefits are recorded and administered,Labour Act/Rules and company policy,Compliant,Compliant,Low,HR & Compliance,,Closed,https://bdlaws.minlaw.gov.bd/act-print-952.html
COMP-EMP0056-01,EMP0056,2026-06-01,Finance & Accounts,Appointment Letter,Appointment letter issued and retained,Bangladesh Labour Act s.5 / Rules,Yes,Compliant,Low,HR & Compliance,,Closed,https://bdlaws.minlaw.gov.bd/act-print-952.html
COMP-EMP0056-02,EMP0056,2026-06-01,Finance & Accounts,Photo ID Card,Photo identity card issued,Bangladesh Labour Act s.5,No,Non-Compliant,Medium,HR & Compliance,2026-07-31,Open,https://bdlaws.minlaw.gov.bd/act-print-952.html
COMP-EMP0056-03,EMP0056,2026-06-01,Finance & Accounts,Wage Payment Deadline,Wages paid within seven working days after wage period,Bangladesh Labour Act s.123,Yes,Compliant,Low,HR & Compliance,,Closed,https://bdlaws.minlaw.gov.bd/act-print-952.html
COMP-EMP0056-04,EMP0056,2026-06-01,Finance & Accounts,Configured Wage Floor,Pay meets current sector/grade wage gazette configured by the user,Bangladesh Labour Act ss.138-140,Yes,Compliant,Low,HR & Compliance,,Closed,https://bdlaws.minlaw.gov.bd/act-print-952.html
COMP-EMP0056-05,EMP0056,2026-06-01,Finance & Accounts,Overtime Rate,Overtime is paid at the legally required double-rate basis,Bangladesh Labour Act s.108,Yes,Compliant,Low,HR & Compliance,,Closed,https://bdlaws.minlaw.gov.bd/act-print-952.html
COMP-EMP0056-06,EMP0056,2026-06-01,Finance & Accounts,Working Hours,"Daily/weekly limits, rest break and weekly holiday controls",Bangladesh Labour Act ss.100-103,Yes,Compliant,Low,HR & Compliance,,Closed,https://bdlaws.minlaw.gov.bd/act-print-952.html
COMP-EMP0056-07,EMP0056,2026-06-01,Finance & Accounts,Leave Records,"Casual, sick, earned and festival leave records maintained",Bangladesh Labour Act ss.115-118,Compliant,Compliant,Low,HR & Compliance,,Closed,https://bdlaws.minlaw.gov.bd/act-print-952.html
COMP-EMP0056-08,EMP0056,2026-06-01,Finance & Accounts,Payroll TDS Evidence,Salary withholding reviewed and evidence retained,Income Tax Act 2023 / WHT Rules 2026,Available,Compliant,Low,HR & Compliance,,Closed,https://nbr.gov.bd/regulations/rules/income-tax-rules/eng
COMP-EMP0056-09,EMP0056,2026-06-01,Finance & Accounts,Benefit Enrollment,Eligible employee benefits are recorded and administered,Labour Act/Rules and company policy,Compliant,Compliant,Low,HR & Compliance,,Closed,https://bdlaws.minlaw.gov.bd/act-print-952.html
COMP-EMP0057-01,EMP0057,2026-06-01,Administration,Appointment Letter,Appointment letter issued and retained,Bangladesh Labour Act s.5 / Rules,Yes,Compliant,Low,HR & Compliance,,Closed,https://bdlaws.minlaw.gov.bd/act-print-952.html
COMP-EMP0057-02,EMP0057,2026-06-01,Administration,Photo ID Card,Photo identity card issued,Bangladesh Labour Act s.5,Yes,Compliant,Low,HR & Compliance,,Closed,https://bdlaws.minlaw.gov.bd/act-print-952.html
COMP-EMP0057-03,EMP0057,2026-06-01,Administration,Wage Payment Deadline,Wages paid within seven working days after wage period,Bangladesh Labour Act s.123,Yes,Compliant,Low,HR & Compliance,,Closed,https://bdlaws.minlaw.gov.bd/act-print-952.html
COMP-EMP0057-04,EMP0057,2026-06-01,Administration,Configured Wage Floor,Pay meets current sector/grade wage gazette configured by the user,Bangladesh Labour Act ss.138-140,Yes,Compliant,Low,HR & Compliance,,Closed,https://bdlaws.minlaw.gov.bd/act-print-952.html
COMP-EMP0057-05,EMP0057,2026-06-01,Administration,Overtime Rate,Overtime is paid at the legally required double-rate basis,Bangladesh Labour Act s.108,Yes,Compliant,Low,HR & Compliance,,Closed,https://bdlaws.minlaw.gov.bd/act-print-952.html
COMP-EMP0057-06,EMP0057,2026-06-01,Administration,Working Hours,"Daily/weekly limits, rest break and weekly holiday controls",Bangladesh Labour Act ss.100-103,Yes,Compliant,Low,HR & Compliance,,Closed,https://bdlaws.minlaw.gov.bd/act-print-952.html
COMP-EMP0057-07,EMP0057,2026-06-01,Administration,Leave Records,"Casual, sick, earned and festival leave records maintained",Bangladesh Labour Act ss.115-118,Compliant,Compliant,Low,HR & Compliance,,Closed,https://bdlaws.minlaw.gov.bd/act-print-952.html
COMP-EMP0057-08,EMP0057,2026-06-01,Administration,Payroll TDS Evidence,Salary withholding reviewed and evidence retained,Income Tax Act 2023 / WHT Rules 2026,Available,Compliant,Low,HR & Compliance,,Closed,https://nbr.gov.bd/regulations/rules/income-tax-rules/eng
COMP-EMP0057-09,EMP0057,2026-06-01,Administration,Benefit Enrollment,Eligible employee benefits are recorded and administered,Labour Act/Rules and company policy,Compliant,Compliant,Low,HR & Compliance,,Closed,https://bdlaws.minlaw.gov.bd/act-print-952.html
COMP-EMP0058-01,EMP0058,2026-06-01,Supply Chain,Appointment Letter,Appointment letter issued and retained,Bangladesh Labour Act s.5 / Rules,Yes,Compliant,Low,HR & Compliance,,Closed,https://bdlaws.minlaw.gov.bd/act-print-952.html
COMP-EMP0058-02,EMP0058,2026-06-01,Supply Chain,Photo ID Card,Photo identity card issued,Bangladesh Labour Act s.5,Yes,Compliant,Low,HR & Compliance,,Closed,https://bdlaws.minlaw.gov.bd/act-print-952.html
COMP-EMP0058-03,EMP0058,2026-06-01,Supply Chain,Wage Payment Deadline,Wages paid within seven working days after wage period,Bangladesh Labour Act s.123,Yes,Compliant,Low,HR & Compliance,,Closed,https://bdlaws.minlaw.gov.bd/act-print-952.html
COMP-EMP0058-04,EMP0058,2026-06-01,Supply Chain,Configured Wage Floor,Pay meets current sector/grade wage gazette configured by the user,Bangladesh Labour Act ss.138-140,Yes,Compliant,Low,HR & Compliance,,Closed,https://bdlaws.minlaw.gov.bd/act-print-952.html
COMP-EMP0058-05,EMP0058,2026-06-01,Supply Chain,Overtime Rate,Overtime is paid at the legally required double-rate basis,Bangladesh Labour Act s.108,Yes,Compliant,Low,HR & Compliance,,Closed,https://bdlaws.minlaw.gov.bd/act-print-952.html
COMP-EMP0058-06,EMP0058,2026-06-01,Supply Chain,Working Hours,"Daily/weekly limits, rest break and weekly holiday controls",Bangladesh Labour Act ss.100-103,Yes,Compliant,Low,HR & Compliance,,Closed,https://bdlaws.minlaw.gov.bd/act-print-952.html
COMP-EMP0058-07,EMP0058,2026-06-01,Supply Chain,Leave Records,"Casual, sick, earned and festival leave records maintained",Bangladesh Labour Act ss.115-118,Compliant,Compliant,Low,HR & Compliance,,Closed,https://bdlaws.minlaw.gov.bd/act-print-952.html
COMP-EMP0058-08,EMP0058,2026-06-01,Supply Chain,Payroll TDS Evidence,Salary withholding reviewed and evidence retained,Income Tax Act 2023 / WHT Rules 2026,Not Required/Below Threshold,Compliant,Low,HR & Compliance,,Closed,https://nbr.gov.bd/regulations/rules/income-tax-rules/eng
COMP-EMP0058-09,EMP0058,2026-06-01,Supply Chain,Benefit Enrollment,Eligible employee benefits are recorded and administered,Labour Act/Rules and company policy,Compliant,Compliant,Low,HR & Compliance,,Closed,https://bdlaws.minlaw.gov.bd/act-print-952.html
COMP-EMP0059-01,EMP0059,2026-06-01,Production,Appointment Letter,Appointment letter issued and retained,Bangladesh Labour Act s.5 / Rules,Yes,Compliant,Low,HR & Compliance,,Closed,https://bdlaws.minlaw.gov.bd/act-print-952.html
COMP-EMP0059-02,EMP0059,2026-06-01,Production,Photo ID Card,Photo identity card issued,Bangladesh Labour Act s.5,Yes,Compliant,Low,HR & Compliance,,Closed,https://bdlaws.minlaw.gov.bd/act-print-952.html
COMP-EMP0059-03,EMP0059,2026-06-01,Production,Wage Payment Deadline,Wages paid within seven working days after wage period,Bangladesh Labour Act s.123,Yes,Compliant,Low,HR & Compliance,,Closed,https://bdlaws.minlaw.gov.bd/act-print-952.html
COMP-EMP0059-04,EMP0059,2026-06-01,Production,Configured Wage Floor,Pay meets current sector/grade wage gazette configured by the user,Bangladesh Labour Act ss.138-140,Yes,Compliant,Low,HR & Compliance,,Closed,https://bdlaws.minlaw.gov.bd/act-print-952.html
COMP-EMP0059-05,EMP0059,2026-06-01,Production,Overtime Rate,Overtime is paid at the legally required double-rate basis,Bangladesh Labour Act s.108,Yes,Compliant,Low,HR & Compliance,,Closed,https://bdlaws.minlaw.gov.bd/act-print-952.html
COMP-EMP0059-06,EMP0059,2026-06-01,Production,Working Hours,"Daily/weekly limits, rest break and weekly holiday controls",Bangladesh Labour Act ss.100-103,Yes,Compliant,Low,HR & Compliance,,Closed,https://bdlaws.minlaw.gov.bd/act-print-952.html
COMP-EMP0059-07,EMP0059,2026-06-01,Production,Leave Records,"Casual, sick, earned and festival leave records maintained",Bangladesh Labour Act ss.115-118,Compliant,Compliant,Low,HR & Compliance,,Closed,https://bdlaws.minlaw.gov.bd/act-print-952.html
COMP-EMP0059-08,EMP0059,2026-06-01,Production,Payroll TDS Evidence,Salary withholding reviewed and evidence retained,Income Tax Act 2023 / WHT Rules 2026,Not Required/Below Threshold,Compliant,Low,HR & Compliance,,Closed,https://nbr.gov.bd/regulations/rules/income-tax-rules/eng
COMP-EMP0059-09,EMP0059,2026-06-01,Production,Benefit Enrollment,Eligible employee benefits are recorded and administered,Labour Act/Rules and company policy,Exception,Non-Compliant,Medium,HR & Compliance,2026-07-31,Open,https://bdlaws.minlaw.gov.bd/act-print-952.html
COMP-EMP0060-01,EMP0060,2026-06-01,Production,Appointment Letter,Appointment letter issued and retained,Bangladesh Labour Act s.5 / Rules,Yes,Compliant,Low,HR & Compliance,,Closed,https://bdlaws.minlaw.gov.bd/act-print-952.html
COMP-EMP0060-02,EMP0060,2026-06-01,Production,Photo ID Card,Photo identity card issued,Bangladesh Labour Act s.5,Yes,Compliant,Low,HR & Compliance,,Closed,https://bdlaws.minlaw.gov.bd/act-print-952.html
COMP-EMP0060-03,EMP0060,2026-06-01,Production,Wage Payment Deadline,Wages paid within seven working days after wage period,Bangladesh Labour Act s.123,Yes,Compliant,Low,HR & Compliance,,Closed,https://bdlaws.minlaw.gov.bd/act-print-952.html
COMP-EMP0060-04,EMP0060,2026-06-01,Production,Configured Wage Floor,Pay meets current sector/grade wage gazette configured by the user,Bangladesh Labour Act ss.138-140,Yes,Compliant,Low,HR & Compliance,,Closed,https://bdlaws.minlaw.gov.bd/act-print-952.html
COMP-EMP0060-05,EMP0060,2026-06-01,Production,Overtime Rate,Overtime is paid at the legally required double-rate basis,Bangladesh Labour Act s.108,Yes,Compliant,Low,HR & Compliance,,Closed,https://bdlaws.minlaw.gov.bd/act-print-952.html
COMP-EMP0060-06,EMP0060,2026-06-01,Production,Working Hours,"Daily/weekly limits, rest break and weekly holiday controls",Bangladesh Labour Act ss.100-103,Yes,Compliant,Low,HR & Compliance,,Closed,https://bdlaws.minlaw.gov.bd/act-print-952.html
COMP-EMP0060-07,EMP0060,2026-06-01,Production,Leave Records,"Casual, sick, earned and festival leave records maintained",Bangladesh Labour Act ss.115-118,Compliant,Compliant,Low,HR & Compliance,,Closed,https://bdlaws.minlaw.gov.bd/act-print-952.html
COMP-EMP0060-08,EMP0060,2026-06-01,Production,Payroll TDS Evidence,Salary withholding reviewed and evidence retained,Income Tax Act 2023 / WHT Rules 2026,Available,Compliant,Low,HR & Compliance,,Closed,https://nbr.gov.bd/regulations/rules/income-tax-rules/eng
COMP-EMP0060-09,EMP0060,2026-06-01,Production,Benefit Enrollment,Eligible employee benefits are recorded and administered,Labour Act/Rules and company policy,Compliant,Compliant,Low,HR & Compliance,,Closed,https://bdlaws.minlaw.gov.bd/act-print-952.html
COMP-EMP0061-01,EMP0061,2026-06-01,Production,Appointment Letter,Appointment letter issued and retained,Bangladesh Labour Act s.5 / Rules,Yes,Compliant,Low,HR & Compliance,,Closed,https://bdlaws.minlaw.gov.bd/act-print-952.html
COMP-EMP0061-02,EMP0061,2026-06-01,Production,Photo ID Card,Photo identity card issued,Bangladesh Labour Act s.5,Yes,Compliant,Low,HR & Compliance,,Closed,https://bdlaws.minlaw.gov.bd/act-print-952.html
COMP-EMP0061-03,EMP0061,2026-06-01,Production,Wage Payment Deadline,Wages paid within seven working days after wage period,Bangladesh Labour Act s.123,Yes,Compliant,Low,HR & Compliance,,Closed,https://bdlaws.minlaw.gov.bd/act-print-952.html
COMP-EMP0061-04,EMP0061,2026-06-01,Production,Configured Wage Floor,Pay meets current sector/grade wage gazette configured by the user,Bangladesh Labour Act ss.138-140,Yes,Compliant,Low,HR & Compliance,,Closed,https://bdlaws.minlaw.gov.bd/act-print-952.html
COMP-EMP0061-05,EMP0061,2026-06-01,Production,Overtime Rate,Overtime is paid at the legally required double-rate basis,Bangladesh Labour Act s.108,Yes,Compliant,Low,HR & Compliance,,Closed,https://bdlaws.minlaw.gov.bd/act-print-952.html
COMP-EMP0061-06,EMP0061,2026-06-01,Production,Working Hours,"Daily/weekly limits, rest break and weekly holiday controls",Bangladesh Labour Act ss.100-103,Yes,Compliant,Low,HR & Compliance,,Closed,https://bdlaws.minlaw.gov.bd/act-print-952.html
COMP-EMP0061-07,EMP0061,2026-06-01,Production,Leave Records,"Casual, sick, earned and festival leave records maintained",Bangladesh Labour Act ss.115-118,Compliant,Compliant,Low,HR & Compliance,,Closed,https://bdlaws.minlaw.gov.bd/act-print-952.html
COMP-EMP0061-08,EMP0061,2026-06-01,Production,Payroll TDS Evidence,Salary withholding reviewed and evidence retained,Income Tax Act 2023 / WHT Rules 2026,Not Required/Below Threshold,Compliant,Low,HR & Compliance,,Closed,https://nbr.gov.bd/regulations/rules/income-tax-rules/eng
COMP-EMP0061-09,EMP0061,2026-06-01,Production,Benefit Enrollment,Eligible employee benefits are recorded and administered,Labour Act/Rules and company policy,Compliant,Compliant,Low,HR & Compliance,,Closed,https://bdlaws.minlaw.gov.bd/act-print-952.html
COMP-EMP0062-01,EMP0062,2026-06-01,Human Resources,Appointment Letter,Appointment letter issued and retained,Bangladesh Labour Act s.5 / Rules,Yes,Compliant,Low,HR & Compliance,,Closed,https://bdlaws.minlaw.gov.bd/act-print-952.html
COMP-EMP0062-02,EMP0062,2026-06-01,Human Resources,Photo ID Card,Photo identity card issued,Bangladesh Labour Act s.5,Yes,Compliant,Low,HR & Compliance,,Closed,https://bdlaws.minlaw.gov.bd/act-print-952.html
COMP-EMP0062-03,EMP0062,2026-06-01,Human Resources,Wage Payment Deadline,Wages paid within seven working days after wage period,Bangladesh Labour Act s.123,Yes,Compliant,Low,HR & Compliance,,Closed,https://bdlaws.minlaw.gov.bd/act-print-952.html
COMP-EMP0062-04,EMP0062,2026-06-01,Human Resources,Configured Wage Floor,Pay meets current sector/grade wage gazette configured by the user,Bangladesh Labour Act ss.138-140,Yes,Compliant,Low,HR & Compliance,,Closed,https://bdlaws.minlaw.gov.bd/act-print-952.html
COMP-EMP0062-05,EMP0062,2026-06-01,Human Resources,Overtime Rate,Overtime is paid at the legally required double-rate basis,Bangladesh Labour Act s.108,Yes,Compliant,Low,HR & Compliance,,Closed,https://bdlaws.minlaw.gov.bd/act-print-952.html
COMP-EMP0062-06,EMP0062,2026-06-01,Human Resources,Working Hours,"Daily/weekly limits, rest break and weekly holiday controls",Bangladesh Labour Act ss.100-103,Yes,Compliant,Low,HR & Compliance,,Closed,https://bdlaws.minlaw.gov.bd/act-print-952.html
COMP-EMP0062-07,EMP0062,2026-06-01,Human Resources,Leave Records,"Casual, sick, earned and festival leave records maintained",Bangladesh Labour Act ss.115-118,Compliant,Compliant,Low,HR & Compliance,,Closed,https://bdlaws.minlaw.gov.bd/act-print-952.html
COMP-EMP0062-08,EMP0062,2026-06-01,Human Resources,Payroll TDS Evidence,Salary withholding reviewed and evidence retained,Income Tax Act 2023 / WHT Rules 2026,Available,Compliant,Low,HR & Compliance,,Closed,https://nbr.gov.bd/regulations/rules/income-tax-rules/eng
COMP-EMP0062-09,EMP0062,2026-06-01,Human Resources,Benefit Enrollment,Eligible employee benefits are recorded and administered,Labour Act/Rules and company policy,Compliant,Compliant,Low,HR & Compliance,,Closed,https://bdlaws.minlaw.gov.bd/act-print-952.html
COMP-EMP0063-01,EMP0063,2026-06-01,Supply Chain,Appointment Letter,Appointment letter issued and retained,Bangladesh Labour Act s.5 / Rules,Yes,Compliant,Low,HR & Compliance,,Closed,https://bdlaws.minlaw.gov.bd/act-print-952.html
COMP-EMP0063-02,EMP0063,2026-06-01,Supply Chain,Photo ID Card,Photo identity card issued,Bangladesh Labour Act s.5,Yes,Compliant,Low,HR & Compliance,,Closed,https://bdlaws.minlaw.gov.bd/act-print-952.html
COMP-EMP0063-03,EMP0063,2026-06-01,Supply Chain,Wage Payment Deadline,Wages paid within seven working days after wage period,Bangladesh Labour Act s.123,Yes,Compliant,Low,HR & Compliance,,Closed,https://bdlaws.minlaw.gov.bd/act-print-952.html
COMP-EMP0063-04,EMP0063,2026-06-01,Supply Chain,Configured Wage Floor,Pay meets current sector/grade wage gazette configured by the user,Bangladesh Labour Act ss.138-140,Yes,Compliant,Low,HR & Compliance,,Closed,https://bdlaws.minlaw.gov.bd/act-print-952.html
COMP-EMP0063-05,EMP0063,2026-06-01,Supply Chain,Overtime Rate,Overtime is paid at the legally required double-rate basis,Bangladesh Labour Act s.108,Yes,Compliant,Low,HR & Compliance,,Closed,https://bdlaws.minlaw.gov.bd/act-print-952.html
COMP-EMP0063-06,EMP0063,2026-06-01,Supply Chain,Working Hours,"Daily/weekly limits, rest break and weekly holiday controls",Bangladesh Labour Act ss.100-103,Yes,Compliant,Low,HR & Compliance,,Closed,https://bdlaws.minlaw.gov.bd/act-print-952.html
COMP-EMP0063-07,EMP0063,2026-06-01,Supply Chain,Leave Records,"Casual, sick, earned and festival leave records maintained",Bangladesh Labour Act ss.115-118,Compliant,Compliant,Low,HR & Compliance,,Closed,https://bdlaws.minlaw.gov.bd/act-print-952.html
COMP-EMP0063-08,EMP0063,2026-06-01,Supply Chain,Payroll TDS Evidence,Salary withholding reviewed and evidence retained,Income Tax Act 2023 / WHT Rules 2026,Not Required/Below Threshold,Compliant,Low,HR & Compliance,,Closed,https://nbr.gov.bd/regulations/rules/income-tax-rules/eng
COMP-EMP0063-09,EMP0063,2026-06-01,Supply Chain,Benefit Enrollment,Eligible employee benefits are recorded and administered,Labour Act/Rules and company policy,Compliant,Compliant,Low,HR & Compliance,,Closed,https://bdlaws.minlaw.gov.bd/act-print-952.html
COMP-EMP0064-01,EMP0064,2026-06-01,Maintenance,Appointment Letter,Appointment letter issued and retained,Bangladesh Labour Act s.5 / Rules,Yes,Compliant,Low,HR & Compliance,,Closed,https://bdlaws.minlaw.gov.bd/act-print-952.html
COMP-EMP0064-02,EMP0064,2026-06-01,Maintenance,Photo ID Card,Photo identity card issued,Bangladesh Labour Act s.5,Yes,Compliant,Low,HR & Compliance,,Closed,https://bdlaws.minlaw.gov.bd/act-print-952.html
COMP-EMP0064-03,EMP0064,2026-06-01,Maintenance,Wage Payment Deadline,Wages paid within seven working days after wage period,Bangladesh Labour Act s.123,Yes,Compliant,Low,HR & Compliance,,Closed,https://bdlaws.minlaw.gov.bd/act-print-952.html
COMP-EMP0064-04,EMP0064,2026-06-01,Maintenance,Configured Wage Floor,Pay meets current sector/grade wage gazette configured by the user,Bangladesh Labour Act ss.138-140,Yes,Compliant,Low,HR & Compliance,,Closed,https://bdlaws.minlaw.gov.bd/act-print-952.html
COMP-EMP0064-05,EMP0064,2026-06-01,Maintenance,Overtime Rate,Overtime is paid at the legally required double-rate basis,Bangladesh Labour Act s.108,No,Non-Compliant,High,HR & Compliance,2026-07-31,Open,https://bdlaws.minlaw.gov.bd/act-print-952.html
COMP-EMP0064-06,EMP0064,2026-06-01,Maintenance,Working Hours,"Daily/weekly limits, rest break and weekly holiday controls",Bangladesh Labour Act ss.100-103,Yes,Compliant,Low,HR & Compliance,,Closed,https://bdlaws.minlaw.gov.bd/act-print-952.html
COMP-EMP0064-07,EMP0064,2026-06-01,Maintenance,Leave Records,"Casual, sick, earned and festival leave records maintained",Bangladesh Labour Act ss.115-118,Compliant,Compliant,Low,HR & Compliance,,Closed,https://bdlaws.minlaw.gov.bd/act-print-952.html
COMP-EMP0064-08,EMP0064,2026-06-01,Maintenance,Payroll TDS Evidence,Salary withholding reviewed and evidence retained,Income Tax Act 2023 / WHT Rules 2026,Available,Compliant,Low,HR & Compliance,,Closed,https://nbr.gov.bd/regulations/rules/income-tax-rules/eng
COMP-EMP0064-09,EMP0064,2026-06-01,Maintenance,Benefit Enrollment,Eligible employee benefits are recorded and administered,Labour Act/Rules and company policy,Compliant,Compliant,Low,HR & Compliance,,Closed,https://bdlaws.minlaw.gov.bd/act-print-952.html
COMP-EMP0065-01,EMP0065,2026-06-01,Maintenance,Appointment Letter,Appointment letter issued and retained,Bangladesh Labour Act s.5 / Rules,Yes,Compliant,Low,HR & Compliance,,Closed,https://bdlaws.minlaw.gov.bd/act-print-952.html
COMP-EMP0065-02,EMP0065,2026-06-01,Maintenance,Photo ID Card,Photo identity card issued,Bangladesh Labour Act s.5,Yes,Compliant,Low,HR & Compliance,,Closed,https://bdlaws.minlaw.gov.bd/act-print-952.html
COMP-EMP0065-03,EMP0065,2026-06-01,Maintenance,Wage Payment Deadline,Wages paid within seven working days after wage period,Bangladesh Labour Act s.123,Yes,Compliant,Low,HR & Compliance,,Closed,https://bdlaws.minlaw.gov.bd/act-print-952.html
COMP-EMP0065-04,EMP0065,2026-06-01,Maintenance,Configured Wage Floor,Pay meets current sector/grade wage gazette configured by the user,Bangladesh Labour Act ss.138-140,Yes,Compliant,Low,HR & Compliance,,Closed,https://bdlaws.minlaw.gov.bd/act-print-952.html
COMP-EMP0065-05,EMP0065,2026-06-01,Maintenance,Overtime Rate,Overtime is paid at the legally required double-rate basis,Bangladesh Labour Act s.108,Yes,Compliant,Low,HR & Compliance,,Closed,https://bdlaws.minlaw.gov.bd/act-print-952.html
COMP-EMP0065-06,EMP0065,2026-06-01,Maintenance,Working Hours,"Daily/weekly limits, rest break and weekly holiday controls",Bangladesh Labour Act ss.100-103,No,Non-Compliant,High,HR & Compliance,2026-07-31,Open,https://bdlaws.minlaw.gov.bd/act-print-952.html
COMP-EMP0065-07,EMP0065,2026-06-01,Maintenance,Leave Records,"Casual, sick, earned and festival leave records maintained",Bangladesh Labour Act ss.115-118,Compliant,Compliant,Low,HR & Compliance,,Closed,https://bdlaws.minlaw.gov.bd/act-print-952.html
COMP-EMP0065-08,EMP0065,2026-06-01,Maintenance,Payroll TDS Evidence,Salary withholding reviewed and evidence retained,Income Tax Act 2023 / WHT Rules 2026,Not Required/Below Threshold,Compliant,Low,HR & Compliance,,Closed,https://nbr.gov.bd/regulations/rules/income-tax-rules/eng
COMP-EMP0065-09,EMP0065,2026-06-01,Maintenance,Benefit Enrollment,Eligible employee benefits are recorded and administered,Labour Act/Rules and company policy,Exception,Non-Compliant,Medium,HR & Compliance,2026-07-31,Open,https://bdlaws.minlaw.gov.bd/act-print-952.html
COMP-EMP0066-01,EMP0066,2026-06-01,Finance & Accounts,Appointment Letter,Appointment letter issued and retained,Bangladesh Labour Act s.5 / Rules,Yes,Compliant,Low,HR & Compliance,,Closed,https://bdlaws.minlaw.gov.bd/act-print-952.html
COMP-EMP0066-02,EMP0066,2026-06-01,Finance & Accounts,Photo ID Card,Photo identity card issued,Bangladesh Labour Act s.5,Yes,Compliant,Low,HR & Compliance,,Closed,https://bdlaws.minlaw.gov.bd/act-print-952.html
COMP-EMP0066-03,EMP0066,2026-06-01,Finance & Accounts,Wage Payment Deadline,Wages paid within seven working days after wage period,Bangladesh Labour Act s.123,Yes,Compliant,Low,HR & Compliance,,Closed,https://bdlaws.minlaw.gov.bd/act-print-952.html
COMP-EMP0066-04,EMP0066,2026-06-01,Finance & Accounts,Configured Wage Floor,Pay meets current sector/grade wage gazette configured by the user,Bangladesh Labour Act ss.138-140,Yes,Compliant,Low,HR & Compliance,,Closed,https://bdlaws.minlaw.gov.bd/act-print-952.html
COMP-EMP0066-05,EMP0066,2026-06-01,Finance & Accounts,Overtime Rate,Overtime is paid at the legally required double-rate basis,Bangladesh Labour Act s.108,Yes,Compliant,Low,HR & Compliance,,Closed,https://bdlaws.minlaw.gov.bd/act-print-952.html
COMP-EMP0066-06,EMP0066,2026-06-01,Finance & Accounts,Working Hours,"Daily/weekly limits, rest break and weekly holiday controls",Bangladesh Labour Act ss.100-103,No,Non-Compliant,High,HR & Compliance,2026-07-31,Open,https://bdlaws.minlaw.gov.bd/act-print-952.html
COMP-EMP0066-07,EMP0066,2026-06-01,Finance & Accounts,Leave Records,"Casual, sick, earned and festival leave records maintained",Bangladesh Labour Act ss.115-118,Compliant,Compliant,Low,HR & Compliance,,Closed,https://bdlaws.minlaw.gov.bd/act-print-952.html
COMP-EMP0066-08,EMP0066,2026-06-01,Finance & Accounts,Payroll TDS Evidence,Salary withholding reviewed and evidence retained,Income Tax Act 2023 / WHT Rules 2026,Not Required/Below Threshold,Compliant,Low,HR & Compliance,,Closed,https://nbr.gov.bd/regulations/rules/income-tax-rules/eng
COMP-EMP0066-09,EMP0066,2026-06-01,Finance & Accounts,Benefit Enrollment,Eligible employee benefits are recorded and administered,Labour Act/Rules and company policy,Compliant,Compliant,Low,HR & Compliance,,Closed,https://bdlaws.minlaw.gov.bd/act-print-952.html
COMP-EMP0067-01,EMP0067,2026-06-01,Administration,Appointment Letter,Appointment letter issued and retained,Bangladesh Labour Act s.5 / Rules,Yes,Compliant,Low,HR & Compliance,,Closed,https://bdlaws.minlaw.gov.bd/act-print-952.html
COMP-EMP0067-02,EMP0067,2026-06-01,Administration,Photo ID Card,Photo identity card issued,Bangladesh Labour Act s.5,Yes,Compliant,Low,HR & Compliance,,Closed,https://bdlaws.minlaw.gov.bd/act-print-952.html
COMP-EMP0067-03,EMP0067,2026-06-01,Administration,Wage Payment Deadline,Wages paid within seven working days after wage period,Bangladesh Labour Act s.123,Yes,Compliant,Low,HR & Compliance,,Closed,https://bdlaws.minlaw.gov.bd/act-print-952.html
COMP-EMP0067-04,EMP0067,2026-06-01,Administration,Configured Wage Floor,Pay meets current sector/grade wage gazette configured by the user,Bangladesh Labour Act ss.138-140,Yes,Compliant,Low,HR & Compliance,,Closed,https://bdlaws.minlaw.gov.bd/act-print-952.html
COMP-EMP0067-05,EMP0067,2026-06-01,Administration,Overtime Rate,Overtime is paid at the legally required double-rate basis,Bangladesh Labour Act s.108,Yes,Compliant,Low,HR & Compliance,,Closed,https://bdlaws.minlaw.gov.bd/act-print-952.html
COMP-EMP0067-06,EMP0067,2026-06-01,Administration,Working Hours,"Daily/weekly limits, rest break and weekly holiday controls",Bangladesh Labour Act ss.100-103,Yes,Compliant,Low,HR & Compliance,,Closed,https://bdlaws.minlaw.gov.bd/act-print-952.html
COMP-EMP0067-07,EMP0067,2026-06-01,Administration,Leave Records,"Casual, sick, earned and festival leave records maintained",Bangladesh Labour Act ss.115-118,Compliant,Compliant,Low,HR & Compliance,,Closed,https://bdlaws.minlaw.gov.bd/act-print-952.html
COMP-EMP0067-08,EMP0067,2026-06-01,Administration,Payroll TDS Evidence,Salary withholding reviewed and evidence retained,Income Tax Act 2023 / WHT Rules 2026,Available,Compliant,Low,HR & Compliance,,Closed,https://nbr.gov.bd/regulations/rules/income-tax-rules/eng
COMP-EMP0067-09,EMP0067,2026-06-01,Administration,Benefit Enrollment,Eligible employee benefits are recorded and administered,Labour Act/Rules and company policy,Compliant,Compliant,Low,HR & Compliance,,Closed,https://bdlaws.minlaw.gov.bd/act-print-952.html
COMP-EMP0068-01,EMP0068,2026-06-01,Information Technology,Appointment Letter,Appointment letter issued and retained,Bangladesh Labour Act s.5 / Rules,Yes,Compliant,Low,HR & Compliance,,Closed,https://bdlaws.minlaw.gov.bd/act-print-952.html
COMP-EMP0068-02,EMP0068,2026-06-01,Information Technology,Photo ID Card,Photo identity card issued,Bangladesh Labour Act s.5,Yes,Compliant,Low,HR & Compliance,,Closed,https://bdlaws.minlaw.gov.bd/act-print-952.html
COMP-EMP0068-03,EMP0068,2026-06-01,Information Technology,Wage Payment Deadline,Wages paid within seven working days after wage period,Bangladesh Labour Act s.123,Yes,Compliant,Low,HR & Compliance,,Closed,https://bdlaws.minlaw.gov.bd/act-print-952.html
COMP-EMP0068-04,EMP0068,2026-06-01,Information Technology,Configured Wage Floor,Pay meets current sector/grade wage gazette configured by the user,Bangladesh Labour Act ss.138-140,Yes,Compliant,Low,HR & Compliance,,Closed,https://bdlaws.minlaw.gov.bd/act-print-952.html
COMP-EMP0068-05,EMP0068,2026-06-01,Information Technology,Overtime Rate,Overtime is paid at the legally required double-rate basis,Bangladesh Labour Act s.108,Yes,Compliant,Low,HR & Compliance,,Closed,https://bdlaws.minlaw.gov.bd/act-print-952.html
COMP-EMP0068-06,EMP0068,2026-06-01,Information Technology,Working Hours,"Daily/weekly limits, rest break and weekly holiday controls",Bangladesh Labour Act ss.100-103,Yes,Compliant,Low,HR & Compliance,,Closed,https://bdlaws.minlaw.gov.bd/act-print-952.html
COMP-EMP0068-07,EMP0068,2026-06-01,Information Technology,Leave Records,"Casual, sick, earned and festival leave records maintained",Bangladesh Labour Act ss.115-118,Compliant,Compliant,Low,HR & Compliance,,Closed,https://bdlaws.minlaw.gov.bd/act-print-952.html
COMP-EMP0068-08,EMP0068,2026-06-01,Information Technology,Payroll TDS Evidence,Salary withholding reviewed and evidence retained,Income Tax Act 2023 / WHT Rules 2026,Missing,Non-Compliant,Medium,HR & Compliance,2026-07-31,Open,https://nbr.gov.bd/regulations/rules/income-tax-rules/eng
COMP-EMP0068-09,EMP0068,2026-06-01,Information Technology,Benefit Enrollment,Eligible employee benefits are recorded and administered,Labour Act/Rules and company policy,Compliant,Compliant,Low,HR & Compliance,,Closed,https://bdlaws.minlaw.gov.bd/act-print-952.html
COMP-EMP0069-01,EMP0069,2026-06-01,Quality Assurance,Appointment Letter,Appointment letter issued and retained,Bangladesh Labour Act s.5 / Rules,Yes,Compliant,Low,HR & Compliance,,Closed,https://bdlaws.minlaw.gov.bd/act-print-952.html
COMP-EMP0069-02,EMP0069,2026-06-01,Quality Assurance,Photo ID Card,Photo identity card issued,Bangladesh Labour Act s.5,Yes,Compliant,Low,HR & Compliance,,Closed,https://bdlaws.minlaw.gov.bd/act-print-952.html
COMP-EMP0069-03,EMP0069,2026-06-01,Quality Assurance,Wage Payment Deadline,Wages paid within seven working days after wage period,Bangladesh Labour Act s.123,No,Non-Compliant,High,HR & Compliance,2026-07-31,Open,https://bdlaws.minlaw.gov.bd/act-print-952.html
COMP-EMP0069-04,EMP0069,2026-06-01,Quality Assurance,Configured Wage Floor,Pay meets current sector/grade wage gazette configured by the user,Bangladesh Labour Act ss.138-140,Yes,Compliant,Low,HR & Compliance,,Closed,https://bdlaws.minlaw.gov.bd/act-print-952.html
COMP-EMP0069-05,EMP0069,2026-06-01,Quality Assurance,Overtime Rate,Overtime is paid at the legally required double-rate basis,Bangladesh Labour Act s.108,Yes,Compliant,Low,HR & Compliance,,Closed,https://bdlaws.minlaw.gov.bd/act-print-952.html
COMP-EMP0069-06,EMP0069,2026-06-01,Quality Assurance,Working Hours,"Daily/weekly limits, rest break and weekly holiday controls",Bangladesh Labour Act ss.100-103,No,Non-Compliant,High,HR & Compliance,2026-07-31,Open,https://bdlaws.minlaw.gov.bd/act-print-952.html
COMP-EMP0069-07,EMP0069,2026-06-01,Quality Assurance,Leave Records,"Casual, sick, earned and festival leave records maintained",Bangladesh Labour Act ss.115-118,Compliant,Compliant,Low,HR & Compliance,,Closed,https://bdlaws.minlaw.gov.bd/act-print-952.html
COMP-EMP0069-08,EMP0069,2026-06-01,Quality Assurance,Payroll TDS Evidence,Salary withholding reviewed and evidence retained,Income Tax Act 2023 / WHT Rules 2026,Available,Compliant,Low,HR & Compliance,,Closed,https://nbr.gov.bd/regulations/rules/income-tax-rules/eng
COMP-EMP0069-09,EMP0069,2026-06-01,Quality Assurance,Benefit Enrollment,Eligible employee benefits are recorded and administered,Labour Act/Rules and company policy,Compliant,Compliant,Low,HR & Compliance,,Closed,https://bdlaws.minlaw.gov.bd/act-print-952.html
COMP-EMP0070-01,EMP0070,2026-06-01,Production,Appointment Letter,Appointment letter issued and retained,Bangladesh Labour Act s.5 / Rules,Yes,Compliant,Low,HR & Compliance,,Closed,https://bdlaws.minlaw.gov.bd/act-print-952.html
COMP-EMP0070-02,EMP0070,2026-06-01,Production,Photo ID Card,Photo identity card issued,Bangladesh Labour Act s.5,Yes,Compliant,Low,HR & Compliance,,Closed,https://bdlaws.minlaw.gov.bd/act-print-952.html
COMP-EMP0070-03,EMP0070,2026-06-01,Production,Wage Payment Deadline,Wages paid within seven working days after wage period,Bangladesh Labour Act s.123,No,Non-Compliant,High,HR & Compliance,2026-07-31,Open,https://bdlaws.minlaw.gov.bd/act-print-952.html
COMP-EMP0070-04,EMP0070,2026-06-01,Production,Configured Wage Floor,Pay meets current sector/grade wage gazette configured by the user,Bangladesh Labour Act ss.138-140,Yes,Compliant,Low,HR & Compliance,,Closed,https://bdlaws.minlaw.gov.bd/act-print-952.html
COMP-EMP0070-05,EMP0070,2026-06-01,Production,Overtime Rate,Overtime is paid at the legally required double-rate basis,Bangladesh Labour Act s.108,Yes,Compliant,Low,HR & Compliance,,Closed,https://bdlaws.minlaw.gov.bd/act-print-952.html
COMP-EMP0070-06,EMP0070,2026-06-01,Production,Working Hours,"Daily/weekly limits, rest break and weekly holiday controls",Bangladesh Labour Act ss.100-103,Yes,Compliant,Low,HR & Compliance,,Closed,https://bdlaws.minlaw.gov.bd/act-print-952.html
COMP-EMP0070-07,EMP0070,2026-06-01,Production,Leave Records,"Casual, sick, earned and festival leave records maintained",Bangladesh Labour Act ss.115-118,Compliant,Compliant,Low,HR & Compliance,,Closed,https://bdlaws.minlaw.gov.bd/act-print-952.html
COMP-EMP0070-08,EMP0070,2026-06-01,Production,Payroll TDS Evidence,Salary withholding reviewed and evidence retained,Income Tax Act 2023 / WHT Rules 2026,Available,Compliant,Low,HR & Compliance,,Closed,https://nbr.gov.bd/regulations/rules/income-tax-rules/eng
COMP-EMP0070-09,EMP0070,2026-06-01,Production,Benefit Enrollment,Eligible employee benefits are recorded and administered,Labour Act/Rules and company policy,Exception,Non-Compliant,Medium,HR & Compliance,2026-07-31,Open,https://bdlaws.minlaw.gov.bd/act-print-952.html
COMP-EMP0071-01,EMP0071,2026-06-01,Production,Appointment Letter,Appointment letter issued and retained,Bangladesh Labour Act s.5 / Rules,Yes,Compliant,Low,HR & Compliance,,Closed,https://bdlaws.minlaw.gov.bd/act-print-952.html
COMP-EMP0071-02,EMP0071,2026-06-01,Production,Photo ID Card,Photo identity card issued,Bangladesh Labour Act s.5,Yes,Compliant,Low,HR & Compliance,,Closed,https://bdlaws.minlaw.gov.bd/act-print-952.html
COMP-EMP0071-03,EMP0071,2026-06-01,Production,Wage Payment Deadline,Wages paid within seven working days after wage period,Bangladesh Labour Act s.123,Yes,Compliant,Low,HR & Compliance,,Closed,https://bdlaws.minlaw.gov.bd/act-print-952.html
COMP-EMP0071-04,EMP0071,2026-06-01,Production,Configured Wage Floor,Pay meets current sector/grade wage gazette configured by the user,Bangladesh Labour Act ss.138-140,Yes,Compliant,Low,HR & Compliance,,Closed,https://bdlaws.minlaw.gov.bd/act-print-952.html
COMP-EMP0071-05,EMP0071,2026-06-01,Production,Overtime Rate,Overtime is paid at the legally required double-rate basis,Bangladesh Labour Act s.108,Yes,Compliant,Low,HR & Compliance,,Closed,https://bdlaws.minlaw.gov.bd/act-print-952.html
COMP-EMP0071-06,EMP0071,2026-06-01,Production,Working Hours,"Daily/weekly limits, rest break and weekly holiday controls",Bangladesh Labour Act ss.100-103,Yes,Compliant,Low,HR & Compliance,,Closed,https://bdlaws.minlaw.gov.bd/act-print-952.html
COMP-EMP0071-07,EMP0071,2026-06-01,Production,Leave Records,"Casual, sick, earned and festival leave records maintained",Bangladesh Labour Act ss.115-118,Compliant,Compliant,Low,HR & Compliance,,Closed,https://bdlaws.minlaw.gov.bd/act-print-952.html
COMP-EMP0071-08,EMP0071,2026-06-01,Production,Payroll TDS Evidence,Salary withholding reviewed and evidence retained,Income Tax Act 2023 / WHT Rules 2026,Not Required/Below Threshold,Compliant,Low,HR & Compliance,,Closed,https://nbr.gov.bd/regulations/rules/income-tax-rules/eng
COMP-EMP0071-09,EMP0071,2026-06-01,Production,Benefit Enrollment,Eligible employee benefits are recorded and administered,Labour Act/Rules and company policy,Compliant,Compliant,Low,HR & Compliance,,Closed,https://bdlaws.minlaw.gov.bd/act-print-952.html
COMP-EMP0072-01,EMP0072,2026-06-01,Information Technology,Appointment Letter,Appointment letter issued and retained,Bangladesh Labour Act s.5 / Rules,Yes,Compliant,Low,HR & Compliance,,Closed,https://bdlaws.minlaw.gov.bd/act-print-952.html
COMP-EMP0072-02,EMP0072,2026-06-01,Information Technology,Photo ID Card,Photo identity card issued,Bangladesh Labour Act s.5,Yes,Compliant,Low,HR & Compliance,,Closed,https://bdlaws.minlaw.gov.bd/act-print-952.html
COMP-EMP0072-03,EMP0072,2026-06-01,Information Technology,Wage Payment Deadline,Wages paid within seven working days after wage period,Bangladesh Labour Act s.123,Yes,Compliant,Low,HR & Compliance,,Closed,https://bdlaws.minlaw.gov.bd/act-print-952.html
COMP-EMP0072-04,EMP0072,2026-06-01,Information Technology,Configured Wage Floor,Pay meets current sector/grade wage gazette configured by the user,Bangladesh Labour Act ss.138-140,Yes,Compliant,Low,HR & Compliance,,Closed,https://bdlaws.minlaw.gov.bd/act-print-952.html
COMP-EMP0072-05,EMP0072,2026-06-01,Information Technology,Overtime Rate,Overtime is paid at the legally required double-rate basis,Bangladesh Labour Act s.108,Yes,Compliant,Low,HR & Compliance,,Closed,https://bdlaws.minlaw.gov.bd/act-print-952.html
COMP-EMP0072-06,EMP0072,2026-06-01,Information Technology,Working Hours,"Daily/weekly limits, rest break and weekly holiday controls",Bangladesh Labour Act ss.100-103,Yes,Compliant,Low,HR & Compliance,,Closed,https://bdlaws.minlaw.gov.bd/act-print-952.html
COMP-EMP0072-07,EMP0072,2026-06-01,Information Technology,Leave Records,"Casual, sick, earned and festival leave records maintained",Bangladesh Labour Act ss.115-118,Compliant,Compliant,Low,HR & Compliance,,Closed,https://bdlaws.minlaw.gov.bd/act-print-952.html
COMP-EMP0072-08,EMP0072,2026-06-01,Information Technology,Payroll TDS Evidence,Salary withholding reviewed and evidence retained,Income Tax Act 2023 / WHT Rules 2026,Not Required/Below Threshold,Compliant,Low,HR & Compliance,,Closed,https://nbr.gov.bd/regulations/rules/income-tax-rules/eng
COMP-EMP0072-09,EMP0072,2026-06-01,Information Technology,Benefit Enrollment,Eligible employee benefits are recorded and administered,Labour Act/Rules and company policy,Compliant,Compliant,Low,HR & Compliance,,Closed,https://bdlaws.minlaw.gov.bd/act-print-952.html
COMP-EMP0073-01,EMP0073,2026-06-01,Quality Assurance,Appointment Letter,Appointment letter issued and retained,Bangladesh Labour Act s.5 / Rules,Yes,Compliant,Low,HR & Compliance,,Closed,https://bdlaws.minlaw.gov.bd/act-print-952.html
COMP-EMP0073-02,EMP0073,2026-06-01,Quality Assurance,Photo ID Card,Photo identity card issued,Bangladesh Labour Act s.5,Yes,Compliant,Low,HR & Compliance,,Closed,https://bdlaws.minlaw.gov.bd/act-print-952.html
COMP-EMP0073-03,EMP0073,2026-06-01,Quality Assurance,Wage Payment Deadline,Wages paid within seven working days after wage period,Bangladesh Labour Act s.123,Yes,Compliant,Low,HR & Compliance,,Closed,https://bdlaws.minlaw.gov.bd/act-print-952.html
COMP-EMP0073-04,EMP0073,2026-06-01,Quality Assurance,Configured Wage Floor,Pay meets current sector/grade wage gazette configured by the user,Bangladesh Labour Act ss.138-140,Yes,Compliant,Low,HR & Compliance,,Closed,https://bdlaws.minlaw.gov.bd/act-print-952.html
COMP-EMP0073-05,EMP0073,2026-06-01,Quality Assurance,Overtime Rate,Overtime is paid at the legally required double-rate basis,Bangladesh Labour Act s.108,Yes,Compliant,Low,HR & Compliance,,Closed,https://bdlaws.minlaw.gov.bd/act-print-952.html
COMP-EMP0073-06,EMP0073,2026-06-01,Quality Assurance,Working Hours,"Daily/weekly limits, rest break and weekly holiday controls",Bangladesh Labour Act ss.100-103,Yes,Compliant,Low,HR & Compliance,,Closed,https://bdlaws.minlaw.gov.bd/act-print-952.html
COMP-EMP0073-07,EMP0073,2026-06-01,Quality Assurance,Leave Records,"Casual, sick, earned and festival leave records maintained",Bangladesh Labour Act ss.115-118,Compliant,Compliant,Low,HR & Compliance,,Closed,https://bdlaws.minlaw.gov.bd/act-print-952.html
COMP-EMP0073-08,EMP0073,2026-06-01,Quality Assurance,Payroll TDS Evidence,Salary withholding reviewed and evidence retained,Income Tax Act 2023 / WHT Rules 2026,Available,Compliant,Low,HR & Compliance,,Closed,https://nbr.gov.bd/regulations/rules/income-tax-rules/eng
COMP-EMP0073-09,EMP0073,2026-06-01,Quality Assurance,Benefit Enrollment,Eligible employee benefits are recorded and administered,Labour Act/Rules and company policy,Compliant,Compliant,Low,HR & Compliance,,Closed,https://bdlaws.minlaw.gov.bd/act-print-952.html
COMP-EMP0074-01,EMP0074,2026-06-01,Production,Appointment Letter,Appointment letter issued and retained,Bangladesh Labour Act s.5 / Rules,Yes,Compliant,Low,HR & Compliance,,Closed,https://bdlaws.minlaw.gov.bd/act-print-952.html
COMP-EMP0074-02,EMP0074,2026-06-01,Production,Photo ID Card,Photo identity card issued,Bangladesh Labour Act s.5,Yes,Compliant,Low,HR & Compliance,,Closed,https://bdlaws.minlaw.gov.bd/act-print-952.html
COMP-EMP0074-03,EMP0074,2026-06-01,Production,Wage Payment Deadline,Wages paid within seven working days after wage period,Bangladesh Labour Act s.123,Yes,Compliant,Low,HR & Compliance,,Closed,https://bdlaws.minlaw.gov.bd/act-print-952.html
COMP-EMP0074-04,EMP0074,2026-06-01,Production,Configured Wage Floor,Pay meets current sector/grade wage gazette configured by the user,Bangladesh Labour Act ss.138-140,Yes,Compliant,Low,HR & Compliance,,Closed,https://bdlaws.minlaw.gov.bd/act-print-952.html
COMP-EMP0074-05,EMP0074,2026-06-01,Production,Overtime Rate,Overtime is paid at the legally required double-rate basis,Bangladesh Labour Act s.108,Yes,Compliant,Low,HR & Compliance,,Closed,https://bdlaws.minlaw.gov.bd/act-print-952.html
COMP-EMP0074-06,EMP0074,2026-06-01,Production,Working Hours,"Daily/weekly limits, rest break and weekly holiday controls",Bangladesh Labour Act ss.100-103,Yes,Compliant,Low,HR & Compliance,,Closed,https://bdlaws.minlaw.gov.bd/act-print-952.html
COMP-EMP0074-07,EMP0074,2026-06-01,Production,Leave Records,"Casual, sick, earned and festival leave records maintained",Bangladesh Labour Act ss.115-118,Compliant,Compliant,Low,HR & Compliance,,Closed,https://bdlaws.minlaw.gov.bd/act-print-952.html
COMP-EMP0074-08,EMP0074,2026-06-01,Production,Payroll TDS Evidence,Salary withholding reviewed and evidence retained,Income Tax Act 2023 / WHT Rules 2026,Not Required/Below Threshold,Compliant,Low,HR & Compliance,,Closed,https://nbr.gov.bd/regulations/rules/income-tax-rules/eng
COMP-EMP0074-09,EMP0074,2026-06-01,Production,Benefit Enrollment,Eligible employee benefits are recorded and administered,Labour Act/Rules and company policy,Compliant,Compliant,Low,HR & Compliance,,Closed,https://bdlaws.minlaw.gov.bd/act-print-952.html
COMP-EMP0075-01,EMP0075,2026-06-01,Information Technology,Appointment Letter,Appointment letter issued and retained,Bangladesh Labour Act s.5 / Rules,Yes,Compliant,Low,HR & Compliance,,Closed,https://bdlaws.minlaw.gov.bd/act-print-952.html
COMP-EMP0075-02,EMP0075,2026-06-01,Information Technology,Photo ID Card,Photo identity card issued,Bangladesh Labour Act s.5,Yes,Compliant,Low,HR & Compliance,,Closed,https://bdlaws.minlaw.gov.bd/act-print-952.html
COMP-EMP0075-03,EMP0075,2026-06-01,Information Technology,Wage Payment Deadline,Wages paid within seven working days after wage period,Bangladesh Labour Act s.123,Yes,Compliant,Low,HR & Compliance,,Closed,https://bdlaws.minlaw.gov.bd/act-print-952.html
COMP-EMP0075-04,EMP0075,2026-06-01,Information Technology,Configured Wage Floor,Pay meets current sector/grade wage gazette configured by the user,Bangladesh Labour Act ss.138-140,Yes,Compliant,Low,HR & Compliance,,Closed,https://bdlaws.minlaw.gov.bd/act-print-952.html
COMP-EMP0075-05,EMP0075,2026-06-01,Information Technology,Overtime Rate,Overtime is paid at the legally required double-rate basis,Bangladesh Labour Act s.108,Yes,Compliant,Low,HR & Compliance,,Closed,https://bdlaws.minlaw.gov.bd/act-print-952.html
COMP-EMP0075-06,EMP0075,2026-06-01,Information Technology,Working Hours,"Daily/weekly limits, rest break and weekly holiday controls",Bangladesh Labour Act ss.100-103,Yes,Compliant,Low,HR & Compliance,,Closed,https://bdlaws.minlaw.gov.bd/act-print-952.html
COMP-EMP0075-07,EMP0075,2026-06-01,Information Technology,Leave Records,"Casual, sick, earned and festival leave records maintained",Bangladesh Labour Act ss.115-118,Compliant,Compliant,Low,HR & Compliance,,Closed,https://bdlaws.minlaw.gov.bd/act-print-952.html
COMP-EMP0075-08,EMP0075,2026-06-01,Information Technology,Payroll TDS Evidence,Salary withholding reviewed and evidence retained,Income Tax Act 2023 / WHT Rules 2026,Not Required/Below Threshold,Compliant,Low,HR & Compliance,,Closed,https://nbr.gov.bd/regulations/rules/income-tax-rules/eng
COMP-EMP0075-09,EMP0075,2026-06-01,Information Technology,Benefit Enrollment,Eligible employee benefits are recorded and administered,Labour Act/Rules and company policy,Compliant,Compliant,Low,HR & Compliance,,Closed,https://bdlaws.minlaw.gov.bd/act-print-952.html
COMP-EMP0076-01,EMP0076,2026-06-01,Production,Appointment Letter,Appointment letter issued and retained,Bangladesh Labour Act s.5 / Rules,Yes,Compliant,Low,HR & Compliance,,Closed,https://bdlaws.minlaw.gov.bd/act-print-952.html
COMP-EMP0076-02,EMP0076,2026-06-01,Production,Photo ID Card,Photo identity card issued,Bangladesh Labour Act s.5,Yes,Compliant,Low,HR & Compliance,,Closed,https://bdlaws.minlaw.gov.bd/act-print-952.html
COMP-EMP0076-03,EMP0076,2026-06-01,Production,Wage Payment Deadline,Wages paid within seven working days after wage period,Bangladesh Labour Act s.123,Yes,Compliant,Low,HR & Compliance,,Closed,https://bdlaws.minlaw.gov.bd/act-print-952.html
COMP-EMP0076-04,EMP0076,2026-06-01,Production,Configured Wage Floor,Pay meets current sector/grade wage gazette configured by the user,Bangladesh Labour Act ss.138-140,Yes,Compliant,Low,HR & Compliance,,Closed,https://bdlaws.minlaw.gov.bd/act-print-952.html
COMP-EMP0076-05,EMP0076,2026-06-01,Production,Overtime Rate,Overtime is paid at the legally required double-rate basis,Bangladesh Labour Act s.108,Yes,Compliant,Low,HR & Compliance,,Closed,https://bdlaws.minlaw.gov.bd/act-print-952.html
COMP-EMP0076-06,EMP0076,2026-06-01,Production,Working Hours,"Daily/weekly limits, rest break and weekly holiday controls",Bangladesh Labour Act ss.100-103,Yes,Compliant,Low,HR & Compliance,,Closed,https://bdlaws.minlaw.gov.bd/act-print-952.html
COMP-EMP0076-07,EMP0076,2026-06-01,Production,Leave Records,"Casual, sick, earned and festival leave records maintained",Bangladesh Labour Act ss.115-118,Compliant,Compliant,Low,HR & Compliance,,Closed,https://bdlaws.minlaw.gov.bd/act-print-952.html
COMP-EMP0076-08,EMP0076,2026-06-01,Production,Payroll TDS Evidence,Salary withholding reviewed and evidence retained,Income Tax Act 2023 / WHT Rules 2026,Not Required/Below Threshold,Compliant,Low,HR & Compliance,,Closed,https://nbr.gov.bd/regulations/rules/income-tax-rules/eng
COMP-EMP0076-09,EMP0076,2026-06-01,Production,Benefit Enrollment,Eligible employee benefits are recorded and administered,Labour Act/Rules and company policy,Compliant,Compliant,Low,HR & Compliance,,Closed,https://bdlaws.minlaw.gov.bd/act-print-952.html
COMP-EMP0077-01,EMP0077,2026-06-01,Supply Chain,Appointment Letter,Appointment letter issued and retained,Bangladesh Labour Act s.5 / Rules,Yes,Compliant,Low,HR & Compliance,,Closed,https://bdlaws.minlaw.gov.bd/act-print-952.html
COMP-EMP0077-02,EMP0077,2026-06-01,Supply Chain,Photo ID Card,Photo identity card issued,Bangladesh Labour Act s.5,No,Non-Compliant,Medium,HR & Compliance,2026-07-31,Open,https://bdlaws.minlaw.gov.bd/act-print-952.html
COMP-EMP0077-03,EMP0077,2026-06-01,Supply Chain,Wage Payment Deadline,Wages paid within seven working days after wage period,Bangladesh Labour Act s.123,Yes,Compliant,Low,HR & Compliance,,Closed,https://bdlaws.minlaw.gov.bd/act-print-952.html
COMP-EMP0077-04,EMP0077,2026-06-01,Supply Chain,Configured Wage Floor,Pay meets current sector/grade wage gazette configured by the user,Bangladesh Labour Act ss.138-140,Yes,Compliant,Low,HR & Compliance,,Closed,https://bdlaws.minlaw.gov.bd/act-print-952.html
COMP-EMP0077-05,EMP0077,2026-06-01,Supply Chain,Overtime Rate,Overtime is paid at the legally required double-rate basis,Bangladesh Labour Act s.108,Yes,Compliant,Low,HR & Compliance,,Closed,https://bdlaws.minlaw.gov.bd/act-print-952.html
COMP-EMP0077-06,EMP0077,2026-06-01,Supply Chain,Working Hours,"Daily/weekly limits, rest break and weekly holiday controls",Bangladesh Labour Act ss.100-103,Yes,Compliant,Low,HR & Compliance,,Closed,https://bdlaws.minlaw.gov.bd/act-print-952.html
COMP-EMP0077-07,EMP0077,2026-06-01,Supply Chain,Leave Records,"Casual, sick, earned and festival leave records maintained",Bangladesh Labour Act ss.115-118,Compliant,Compliant,Low,HR & Compliance,,Closed,https://bdlaws.minlaw.gov.bd/act-print-952.html
COMP-EMP0077-08,EMP0077,2026-06-01,Supply Chain,Payroll TDS Evidence,Salary withholding reviewed and evidence retained,Income Tax Act 2023 / WHT Rules 2026,Not Required/Below Threshold,Compliant,Low,HR & Compliance,,Closed,https://nbr.gov.bd/regulations/rules/income-tax-rules/eng
COMP-EMP0077-09,EMP0077,2026-06-01,Supply Chain,Benefit Enrollment,Eligible employee benefits are recorded and administered,Labour Act/Rules and company policy,Compliant,Compliant,Low,HR & Compliance,,Closed,https://bdlaws.minlaw.gov.bd/act-print-952.html
COMP-EMP0078-01,EMP0078,2026-06-01,Finance & Accounts,Appointment Letter,Appointment letter issued and retained,Bangladesh Labour Act s.5 / Rules,Yes,Compliant,Low,HR & Compliance,,Closed,https://bdlaws.minlaw.gov.bd/act-print-952.html
COMP-EMP0078-02,EMP0078,2026-06-01,Finance & Accounts,Photo ID Card,Photo identity card issued,Bangladesh Labour Act s.5,Yes,Compliant,Low,HR & Compliance,,Closed,https://bdlaws.minlaw.gov.bd/act-print-952.html
COMP-EMP0078-03,EMP0078,2026-06-01,Finance & Accounts,Wage Payment Deadline,Wages paid within seven working days after wage period,Bangladesh Labour Act s.123,Yes,Compliant,Low,HR & Compliance,,Closed,https://bdlaws.minlaw.gov.bd/act-print-952.html
COMP-EMP0078-04,EMP0078,2026-06-01,Finance & Accounts,Configured Wage Floor,Pay meets current sector/grade wage gazette configured by the user,Bangladesh Labour Act ss.138-140,Yes,Compliant,Low,HR & Compliance,,Closed,https://bdlaws.minlaw.gov.bd/act-print-952.html
COMP-EMP0078-05,EMP0078,2026-06-01,Finance & Accounts,Overtime Rate,Overtime is paid at the legally required double-rate basis,Bangladesh Labour Act s.108,Yes,Compliant,Low,HR & Compliance,,Closed,https://bdlaws.minlaw.gov.bd/act-print-952.html
COMP-EMP0078-06,EMP0078,2026-06-01,Finance & Accounts,Working Hours,"Daily/weekly limits, rest break and weekly holiday controls",Bangladesh Labour Act ss.100-103,Yes,Compliant,Low,HR & Compliance,,Closed,https://bdlaws.minlaw.gov.bd/act-print-952.html
COMP-EMP0078-07,EMP0078,2026-06-01,Finance & Accounts,Leave Records,"Casual, sick, earned and festival leave records maintained",Bangladesh Labour Act ss.115-118,Compliant,Compliant,Low,HR & Compliance,,Closed,https://bdlaws.minlaw.gov.bd/act-print-952.html
COMP-EMP0078-08,EMP0078,2026-06-01,Finance & Accounts,Payroll TDS Evidence,Salary withholding reviewed and evidence retained,Income Tax Act 2023 / WHT Rules 2026,Available,Compliant,Low,HR & Compliance,,Closed,https://nbr.gov.bd/regulations/rules/income-tax-rules/eng
COMP-EMP0078-09,EMP0078,2026-06-01,Finance & Accounts,Benefit Enrollment,Eligible employee benefits are recorded and administered,Labour Act/Rules and company policy,Compliant,Compliant,Low,HR & Compliance,,Closed,https://bdlaws.minlaw.gov.bd/act-print-952.html
COMP-EMP0079-01,EMP0079,2026-06-01,Maintenance,Appointment Letter,Appointment letter issued and retained,Bangladesh Labour Act s.5 / Rules,Yes,Compliant,Low,HR & Compliance,,Closed,https://bdlaws.minlaw.gov.bd/act-print-952.html
COMP-EMP0079-02,EMP0079,2026-06-01,Maintenance,Photo ID Card,Photo identity card issued,Bangladesh Labour Act s.5,Yes,Compliant,Low,HR & Compliance,,Closed,https://bdlaws.minlaw.gov.bd/act-print-952.html
COMP-EMP0079-03,EMP0079,2026-06-01,Maintenance,Wage Payment Deadline,Wages paid within seven working days after wage period,Bangladesh Labour Act s.123,Yes,Compliant,Low,HR & Compliance,,Closed,https://bdlaws.minlaw.gov.bd/act-print-952.html
COMP-EMP0079-04,EMP0079,2026-06-01,Maintenance,Configured Wage Floor,Pay meets current sector/grade wage gazette configured by the user,Bangladesh Labour Act ss.138-140,Yes,Compliant,Low,HR & Compliance,,Closed,https://bdlaws.minlaw.gov.bd/act-print-952.html
COMP-EMP0079-05,EMP0079,2026-06-01,Maintenance,Overtime Rate,Overtime is paid at the legally required double-rate basis,Bangladesh Labour Act s.108,Yes,Compliant,Low,HR & Compliance,,Closed,https://bdlaws.minlaw.gov.bd/act-print-952.html
COMP-EMP0079-06,EMP0079,2026-06-01,Maintenance,Working Hours,"Daily/weekly limits, rest break and weekly holiday controls",Bangladesh Labour Act ss.100-103,No,Non-Compliant,High,HR & Compliance,2026-07-31,Open,https://bdlaws.minlaw.gov.bd/act-print-952.html
COMP-EMP0079-07,EMP0079,2026-06-01,Maintenance,Leave Records,"Casual, sick, earned and festival leave records maintained",Bangladesh Labour Act ss.115-118,Compliant,Compliant,Low,HR & Compliance,,Closed,https://bdlaws.minlaw.gov.bd/act-print-952.html
COMP-EMP0079-08,EMP0079,2026-06-01,Maintenance,Payroll TDS Evidence,Salary withholding reviewed and evidence retained,Income Tax Act 2023 / WHT Rules 2026,Not Required/Below Threshold,Compliant,Low,HR & Compliance,,Closed,https://nbr.gov.bd/regulations/rules/income-tax-rules/eng
COMP-EMP0079-09,EMP0079,2026-06-01,Maintenance,Benefit Enrollment,Eligible employee benefits are recorded and administered,Labour Act/Rules and company policy,Exception,Non-Compliant,Medium,HR & Compliance,2026-07-31,Open,https://bdlaws.minlaw.gov.bd/act-print-952.html
COMP-EMP0080-01,EMP0080,2026-06-01,Supply Chain,Appointment Letter,Appointment letter issued and retained,Bangladesh Labour Act s.5 / Rules,Yes,Compliant,Low,HR & Compliance,,Closed,https://bdlaws.minlaw.gov.bd/act-print-952.html
COMP-EMP0080-02,EMP0080,2026-06-01,Supply Chain,Photo ID Card,Photo identity card issued,Bangladesh Labour Act s.5,Yes,Compliant,Low,HR & Compliance,,Closed,https://bdlaws.minlaw.gov.bd/act-print-952.html
COMP-EMP0080-03,EMP0080,2026-06-01,Supply Chain,Wage Payment Deadline,Wages paid within seven working days after wage period,Bangladesh Labour Act s.123,Yes,Compliant,Low,HR & Compliance,,Closed,https://bdlaws.minlaw.gov.bd/act-print-952.html
COMP-EMP0080-04,EMP0080,2026-06-01,Supply Chain,Configured Wage Floor,Pay meets current sector/grade wage gazette configured by the user,Bangladesh Labour Act ss.138-140,Yes,Compliant,Low,HR & Compliance,,Closed,https://bdlaws.minlaw.gov.bd/act-print-952.html
COMP-EMP0080-05,EMP0080,2026-06-01,Supply Chain,Overtime Rate,Overtime is paid at the legally required double-rate basis,Bangladesh Labour Act s.108,Yes,Compliant,Low,HR & Compliance,,Closed,https://bdlaws.minlaw.gov.bd/act-print-952.html
COMP-EMP0080-06,EMP0080,2026-06-01,Supply Chain,Working Hours,"Daily/weekly limits, rest break and weekly holiday controls",Bangladesh Labour Act ss.100-103,Yes,Compliant,Low,HR & Compliance,,Closed,https://bdlaws.minlaw.gov.bd/act-print-952.html
COMP-EMP0080-07,EMP0080,2026-06-01,Supply Chain,Leave Records,"Casual, sick, earned and festival leave records maintained",Bangladesh Labour Act ss.115-118,Compliant,Compliant,Low,HR & Compliance,,Closed,https://bdlaws.minlaw.gov.bd/act-print-952.html
COMP-EMP0080-08,EMP0080,2026-06-01,Supply Chain,Payroll TDS Evidence,Salary withholding reviewed and evidence retained,Income Tax Act 2023 / WHT Rules 2026,Available,Compliant,Low,HR & Compliance,,Closed,https://nbr.gov.bd/regulations/rules/income-tax-rules/eng
COMP-EMP0080-09,EMP0080,2026-06-01,Supply Chain,Benefit Enrollment,Eligible employee benefits are recorded and administered,Labour Act/Rules and company policy,Compliant,Compliant,Low,HR & Compliance,,Closed,https://bdlaws.minlaw.gov.bd/act-print-952.html
COMP-EMP0081-01,EMP0081,2026-06-01,Finance & Accounts,Appointment Letter,Appointment letter issued and retained,Bangladesh Labour Act s.5 / Rules,Yes,Compliant,Low,HR & Compliance,,Closed,https://bdlaws.minlaw.gov.bd/act-print-952.html
COMP-EMP0081-02,EMP0081,2026-06-01,Finance & Accounts,Photo ID Card,Photo identity card issued,Bangladesh Labour Act s.5,Yes,Compliant,Low,HR & Compliance,,Closed,https://bdlaws.minlaw.gov.bd/act-print-952.html
COMP-EMP0081-03,EMP0081,2026-06-01,Finance & Accounts,Wage Payment Deadline,Wages paid within seven working days after wage period,Bangladesh Labour Act s.123,Yes,Compliant,Low,HR & Compliance,,Closed,https://bdlaws.minlaw.gov.bd/act-print-952.html
COMP-EMP0081-04,EMP0081,2026-06-01,Finance & Accounts,Configured Wage Floor,Pay meets current sector/grade wage gazette configured by the user,Bangladesh Labour Act ss.138-140,Yes,Compliant,Low,HR & Compliance,,Closed,https://bdlaws.minlaw.gov.bd/act-print-952.html
COMP-EMP0081-05,EMP0081,2026-06-01,Finance & Accounts,Overtime Rate,Overtime is paid at the legally required double-rate basis,Bangladesh Labour Act s.108,No,Non-Compliant,High,HR & Compliance,2026-07-31,Open,https://bdlaws.minlaw.gov.bd/act-print-952.html
COMP-EMP0081-06,EMP0081,2026-06-01,Finance & Accounts,Working Hours,"Daily/weekly limits, rest break and weekly holiday controls",Bangladesh Labour Act ss.100-103,No,Non-Compliant,High,HR & Compliance,2026-07-31,Open,https://bdlaws.minlaw.gov.bd/act-print-952.html
COMP-EMP0081-07,EMP0081,2026-06-01,Finance & Accounts,Leave Records,"Casual, sick, earned and festival leave records maintained",Bangladesh Labour Act ss.115-118,Compliant,Compliant,Low,HR & Compliance,,Closed,https://bdlaws.minlaw.gov.bd/act-print-952.html
COMP-EMP0081-08,EMP0081,2026-06-01,Finance & Accounts,Payroll TDS Evidence,Salary withholding reviewed and evidence retained,Income Tax Act 2023 / WHT Rules 2026,Not Required/Below Threshold,Compliant,Low,HR & Compliance,,Closed,https://nbr.gov.bd/regulations/rules/income-tax-rules/eng
COMP-EMP0081-09,EMP0081,2026-06-01,Finance & Accounts,Benefit Enrollment,Eligible employee benefits are recorded and administered,Labour Act/Rules and company policy,Exception,Non-Compliant,Medium,HR & Compliance,2026-07-31,Open,https://bdlaws.minlaw.gov.bd/act-print-952.html
COMP-EMP0082-01,EMP0082,2026-06-01,Sales & Marketing,Appointment Letter,Appointment letter issued and retained,Bangladesh Labour Act s.5 / Rules,Yes,Compliant,Low,HR & Compliance,,Closed,https://bdlaws.minlaw.gov.bd/act-print-952.html
COMP-EMP0082-02,EMP0082,2026-06-01,Sales & Marketing,Photo ID Card,Photo identity card issued,Bangladesh Labour Act s.5,Yes,Compliant,Low,HR & Compliance,,Closed,https://bdlaws.minlaw.gov.bd/act-print-952.html
COMP-EMP0082-03,EMP0082,2026-06-01,Sales & Marketing,Wage Payment Deadline,Wages paid within seven working days after wage period,Bangladesh Labour Act s.123,Yes,Compliant,Low,HR & Compliance,,Closed,https://bdlaws.minlaw.gov.bd/act-print-952.html
COMP-EMP0082-04,EMP0082,2026-06-01,Sales & Marketing,Configured Wage Floor,Pay meets current sector/grade wage gazette configured by the user,Bangladesh Labour Act ss.138-140,Yes,Compliant,Low,HR & Compliance,,Closed,https://bdlaws.minlaw.gov.bd/act-print-952.html
COMP-EMP0082-05,EMP0082,2026-06-01,Sales & Marketing,Overtime Rate,Overtime is paid at the legally required double-rate basis,Bangladesh Labour Act s.108,Yes,Compliant,Low,HR & Compliance,,Closed,https://bdlaws.minlaw.gov.bd/act-print-952.html
COMP-EMP0082-06,EMP0082,2026-06-01,Sales & Marketing,Working Hours,"Daily/weekly limits, rest break and weekly holiday controls",Bangladesh Labour Act ss.100-103,Yes,Compliant,Low,HR & Compliance,,Closed,https://bdlaws.minlaw.gov.bd/act-print-952.html
COMP-EMP0082-07,EMP0082,2026-06-01,Sales & Marketing,Leave Records,"Casual, sick, earned and festival leave records maintained",Bangladesh Labour Act ss.115-118,Compliant,Compliant,Low,HR & Compliance,,Closed,https://bdlaws.minlaw.gov.bd/act-print-952.html
COMP-EMP0082-08,EMP0082,2026-06-01,Sales & Marketing,Payroll TDS Evidence,Salary withholding reviewed and evidence retained,Income Tax Act 2023 / WHT Rules 2026,Available,Compliant,Low,HR & Compliance,,Closed,https://nbr.gov.bd/regulations/rules/income-tax-rules/eng
COMP-EMP0082-09,EMP0082,2026-06-01,Sales & Marketing,Benefit Enrollment,Eligible employee benefits are recorded and administered,Labour Act/Rules and company policy,Compliant,Compliant,Low,HR & Compliance,,Closed,https://bdlaws.minlaw.gov.bd/act-print-952.html
COMP-EMP0083-01,EMP0083,2026-06-01,Information Technology,Appointment Letter,Appointment letter issued and retained,Bangladesh Labour Act s.5 / Rules,Yes,Compliant,Low,HR & Compliance,,Closed,https://bdlaws.minlaw.gov.bd/act-print-952.html
COMP-EMP0083-02,EMP0083,2026-06-01,Information Technology,Photo ID Card,Photo identity card issued,Bangladesh Labour Act s.5,Yes,Compliant,Low,HR & Compliance,,Closed,https://bdlaws.minlaw.gov.bd/act-print-952.html
COMP-EMP0083-03,EMP0083,2026-06-01,Information Technology,Wage Payment Deadline,Wages paid within seven working days after wage period,Bangladesh Labour Act s.123,Yes,Compliant,Low,HR & Compliance,,Closed,https://bdlaws.minlaw.gov.bd/act-print-952.html
COMP-EMP0083-04,EMP0083,2026-06-01,Information Technology,Configured Wage Floor,Pay meets current sector/grade wage gazette configured by the user,Bangladesh Labour Act ss.138-140,Yes,Compliant,Low,HR & Compliance,,Closed,https://bdlaws.minlaw.gov.bd/act-print-952.html
COMP-EMP0083-05,EMP0083,2026-06-01,Information Technology,Overtime Rate,Overtime is paid at the legally required double-rate basis,Bangladesh Labour Act s.108,Yes,Compliant,Low,HR & Compliance,,Closed,https://bdlaws.minlaw.gov.bd/act-print-952.html
COMP-EMP0083-06,EMP0083,2026-06-01,Information Technology,Working Hours,"Daily/weekly limits, rest break and weekly holiday controls",Bangladesh Labour Act ss.100-103,Yes,Compliant,Low,HR & Compliance,,Closed,https://bdlaws.minlaw.gov.bd/act-print-952.html
COMP-EMP0083-07,EMP0083,2026-06-01,Information Technology,Leave Records,"Casual, sick, earned and festival leave records maintained",Bangladesh Labour Act ss.115-118,Compliant,Compliant,Low,HR & Compliance,,Closed,https://bdlaws.minlaw.gov.bd/act-print-952.html
COMP-EMP0083-08,EMP0083,2026-06-01,Information Technology,Payroll TDS Evidence,Salary withholding reviewed and evidence retained,Income Tax Act 2023 / WHT Rules 2026,Available,Compliant,Low,HR & Compliance,,Closed,https://nbr.gov.bd/regulations/rules/income-tax-rules/eng
COMP-EMP0083-09,EMP0083,2026-06-01,Information Technology,Benefit Enrollment,Eligible employee benefits are recorded and administered,Labour Act/Rules and company policy,Exception,Non-Compliant,Medium,HR & Compliance,2026-07-31,Open,https://bdlaws.minlaw.gov.bd/act-print-952.html
COMP-EMP0084-01,EMP0084,2026-06-01,Human Resources,Appointment Letter,Appointment letter issued and retained,Bangladesh Labour Act s.5 / Rules,Yes,Compliant,Low,HR & Compliance,,Closed,https://bdlaws.minlaw.gov.bd/act-print-952.html
COMP-EMP0084-02,EMP0084,2026-06-01,Human Resources,Photo ID Card,Photo identity card issued,Bangladesh Labour Act s.5,Yes,Compliant,Low,HR & Compliance,,Closed,https://bdlaws.minlaw.gov.bd/act-print-952.html
COMP-EMP0084-03,EMP0084,2026-06-01,Human Resources,Wage Payment Deadline,Wages paid within seven working days after wage period,Bangladesh Labour Act s.123,Yes,Compliant,Low,HR & Compliance,,Closed,https://bdlaws.minlaw.gov.bd/act-print-952.html
COMP-EMP0084-04,EMP0084,2026-06-01,Human Resources,Configured Wage Floor,Pay meets current sector/grade wage gazette configured by the user,Bangladesh Labour Act ss.138-140,Yes,Compliant,Low,HR & Compliance,,Closed,https://bdlaws.minlaw.gov.bd/act-print-952.html
COMP-EMP0084-05,EMP0084,2026-06-01,Human Resources,Overtime Rate,Overtime is paid at the legally required double-rate basis,Bangladesh Labour Act s.108,Yes,Compliant,Low,HR & Compliance,,Closed,https://bdlaws.minlaw.gov.bd/act-print-952.html
COMP-EMP0084-06,EMP0084,2026-06-01,Human Resources,Working Hours,"Daily/weekly limits, rest break and weekly holiday controls",Bangladesh Labour Act ss.100-103,Yes,Compliant,Low,HR & Compliance,,Closed,https://bdlaws.minlaw.gov.bd/act-print-952.html
COMP-EMP0084-07,EMP0084,2026-06-01,Human Resources,Leave Records,"Casual, sick, earned and festival leave records maintained",Bangladesh Labour Act ss.115-118,Compliant,Compliant,Low,HR & Compliance,,Closed,https://bdlaws.minlaw.gov.bd/act-print-952.html
COMP-EMP0084-08,EMP0084,2026-06-01,Human Resources,Payroll TDS Evidence,Salary withholding reviewed and evidence retained,Income Tax Act 2023 / WHT Rules 2026,Available,Compliant,Low,HR & Compliance,,Closed,https://nbr.gov.bd/regulations/rules/income-tax-rules/eng
COMP-EMP0084-09,EMP0084,2026-06-01,Human Resources,Benefit Enrollment,Eligible employee benefits are recorded and administered,Labour Act/Rules and company policy,Compliant,Compliant,Low,HR & Compliance,,Closed,https://bdlaws.minlaw.gov.bd/act-print-952.html
COMP-EMP0085-01,EMP0085,2026-06-01,Supply Chain,Appointment Letter,Appointment letter issued and retained,Bangladesh Labour Act s.5 / Rules,Yes,Compliant,Low,HR & Compliance,,Closed,https://bdlaws.minlaw.gov.bd/act-print-952.html
COMP-EMP0085-02,EMP0085,2026-06-01,Supply Chain,Photo ID Card,Photo identity card issued,Bangladesh Labour Act s.5,Yes,Compliant,Low,HR & Compliance,,Closed,https://bdlaws.minlaw.gov.bd/act-print-952.html
COMP-EMP0085-03,EMP0085,2026-06-01,Supply Chain,Wage Payment Deadline,Wages paid within seven working days after wage period,Bangladesh Labour Act s.123,No,Non-Compliant,High,HR & Compliance,2026-07-31,Open,https://bdlaws.minlaw.gov.bd/act-print-952.html
COMP-EMP0085-04,EMP0085,2026-06-01,Supply Chain,Configured Wage Floor,Pay meets current sector/grade wage gazette configured by the user,Bangladesh Labour Act ss.138-140,Yes,Compliant,Low,HR & Compliance,,Closed,https://bdlaws.minlaw.gov.bd/act-print-952.html
COMP-EMP0085-05,EMP0085,2026-06-01,Supply Chain,Overtime Rate,Overtime is paid at the legally required double-rate basis,Bangladesh Labour Act s.108,Yes,Compliant,Low,HR & Compliance,,Closed,https://bdlaws.minlaw.gov.bd/act-print-952.html
COMP-EMP0085-06,EMP0085,2026-06-01,Supply Chain,Working Hours,"Daily/weekly limits, rest break and weekly holiday controls",Bangladesh Labour Act ss.100-103,No,Non-Compliant,High,HR & Compliance,2026-07-31,Open,https://bdlaws.minlaw.gov.bd/act-print-952.html
COMP-EMP0085-07,EMP0085,2026-06-01,Supply Chain,Leave Records,"Casual, sick, earned and festival leave records maintained",Bangladesh Labour Act ss.115-118,Compliant,Compliant,Low,HR & Compliance,,Closed,https://bdlaws.minlaw.gov.bd/act-print-952.html
COMP-EMP0085-08,EMP0085,2026-06-01,Supply Chain,Payroll TDS Evidence,Salary withholding reviewed and evidence retained,Income Tax Act 2023 / WHT Rules 2026,Available,Compliant,Low,HR & Compliance,,Closed,https://nbr.gov.bd/regulations/rules/income-tax-rules/eng
COMP-EMP0085-09,EMP0085,2026-06-01,Supply Chain,Benefit Enrollment,Eligible employee benefits are recorded and administered,Labour Act/Rules and company policy,Compliant,Compliant,Low,HR & Compliance,,Closed,https://bdlaws.minlaw.gov.bd/act-print-952.html
COMP-EMP0086-01,EMP0086,2026-06-01,Quality Assurance,Appointment Letter,Appointment letter issued and retained,Bangladesh Labour Act s.5 / Rules,Yes,Compliant,Low,HR & Compliance,,Closed,https://bdlaws.minlaw.gov.bd/act-print-952.html
COMP-EMP0086-02,EMP0086,2026-06-01,Quality Assurance,Photo ID Card,Photo identity card issued,Bangladesh Labour Act s.5,Yes,Compliant,Low,HR & Compliance,,Closed,https://bdlaws.minlaw.gov.bd/act-print-952.html
COMP-EMP0086-03,EMP0086,2026-06-01,Quality Assurance,Wage Payment Deadline,Wages paid within seven working days after wage period,Bangladesh Labour Act s.123,Yes,Compliant,Low,HR & Compliance,,Closed,https://bdlaws.minlaw.gov.bd/act-print-952.html
COMP-EMP0086-04,EMP0086,2026-06-01,Quality Assurance,Configured Wage Floor,Pay meets current sector/grade wage gazette configured by the user,Bangladesh Labour Act ss.138-140,Yes,Compliant,Low,HR & Compliance,,Closed,https://bdlaws.minlaw.gov.bd/act-print-952.html
COMP-EMP0086-05,EMP0086,2026-06-01,Quality Assurance,Overtime Rate,Overtime is paid at the legally required double-rate basis,Bangladesh Labour Act s.108,Yes,Compliant,Low,HR & Compliance,,Closed,https://bdlaws.minlaw.gov.bd/act-print-952.html
COMP-EMP0086-06,EMP0086,2026-06-01,Quality Assurance,Working Hours,"Daily/weekly limits, rest break and weekly holiday controls",Bangladesh Labour Act ss.100-103,Yes,Compliant,Low,HR & Compliance,,Closed,https://bdlaws.minlaw.gov.bd/act-print-952.html
COMP-EMP0086-07,EMP0086,2026-06-01,Quality Assurance,Leave Records,"Casual, sick, earned and festival leave records maintained",Bangladesh Labour Act ss.115-118,Compliant,Compliant,Low,HR & Compliance,,Closed,https://bdlaws.minlaw.gov.bd/act-print-952.html
COMP-EMP0086-08,EMP0086,2026-06-01,Quality Assurance,Payroll TDS Evidence,Salary withholding reviewed and evidence retained,Income Tax Act 2023 / WHT Rules 2026,Not Required/Below Threshold,Compliant,Low,HR & Compliance,,Closed,https://nbr.gov.bd/regulations/rules/income-tax-rules/eng
COMP-EMP0086-09,EMP0086,2026-06-01,Quality Assurance,Benefit Enrollment,Eligible employee benefits are recorded and administered,Labour Act/Rules and company policy,Compliant,Compliant,Low,HR & Compliance,,Closed,https://bdlaws.minlaw.gov.bd/act-print-952.html
COMP-EMP0087-01,EMP0087,2026-06-01,Sales & Marketing,Appointment Letter,Appointment letter issued and retained,Bangladesh Labour Act s.5 / Rules,Yes,Compliant,Low,HR & Compliance,,Closed,https://bdlaws.minlaw.gov.bd/act-print-952.html
COMP-EMP0087-02,EMP0087,2026-06-01,Sales & Marketing,Photo ID Card,Photo identity card issued,Bangladesh Labour Act s.5,Yes,Compliant,Low,HR & Compliance,,Closed,https://bdlaws.minlaw.gov.bd/act-print-952.html
COMP-EMP0087-03,EMP0087,2026-06-01,Sales & Marketing,Wage Payment Deadline,Wages paid within seven working days after wage period,Bangladesh Labour Act s.123,Yes,Compliant,Low,HR & Compliance,,Closed,https://bdlaws.minlaw.gov.bd/act-print-952.html
COMP-EMP0087-04,EMP0087,2026-06-01,Sales & Marketing,Configured Wage Floor,Pay meets current sector/grade wage gazette configured by the user,Bangladesh Labour Act ss.138-140,Yes,Compliant,Low,HR & Compliance,,Closed,https://bdlaws.minlaw.gov.bd/act-print-952.html
COMP-EMP0087-05,EMP0087,2026-06-01,Sales & Marketing,Overtime Rate,Overtime is paid at the legally required double-rate basis,Bangladesh Labour Act s.108,Yes,Compliant,Low,HR & Compliance,,Closed,https://bdlaws.minlaw.gov.bd/act-print-952.html
COMP-EMP0087-06,EMP0087,2026-06-01,Sales & Marketing,Working Hours,"Daily/weekly limits, rest break and weekly holiday controls",Bangladesh Labour Act ss.100-103,No,Non-Compliant,High,HR & Compliance,2026-07-31,Open,https://bdlaws.minlaw.gov.bd/act-print-952.html
COMP-EMP0087-07,EMP0087,2026-06-01,Sales & Marketing,Leave Records,"Casual, sick, earned and festival leave records maintained",Bangladesh Labour Act ss.115-118,Compliant,Compliant,Low,HR & Compliance,,Closed,https://bdlaws.minlaw.gov.bd/act-print-952.html
COMP-EMP0087-08,EMP0087,2026-06-01,Sales & Marketing,Payroll TDS Evidence,Salary withholding reviewed and evidence retained,Income Tax Act 2023 / WHT Rules 2026,Not Required/Below Threshold,Compliant,Low,HR & Compliance,,Closed,https://nbr.gov.bd/regulations/rules/income-tax-rules/eng
COMP-EMP0087-09,EMP0087,2026-06-01,Sales & Marketing,Benefit Enrollment,Eligible employee benefits are recorded and administered,Labour Act/Rules and company policy,Compliant,Compliant,Low,HR & Compliance,,Closed,https://bdlaws.minlaw.gov.bd/act-print-952.html
COMP-EMP0088-01,EMP0088,2026-06-01,Human Resources,Appointment Letter,Appointment letter issued and retained,Bangladesh Labour Act s.5 / Rules,Yes,Compliant,Low,HR & Compliance,,Closed,https://bdlaws.minlaw.gov.bd/act-print-952.html
COMP-EMP0088-02,EMP0088,2026-06-01,Human Resources,Photo ID Card,Photo identity card issued,Bangladesh Labour Act s.5,Yes,Compliant,Low,HR & Compliance,,Closed,https://bdlaws.minlaw.gov.bd/act-print-952.html
COMP-EMP0088-03,EMP0088,2026-06-01,Human Resources,Wage Payment Deadline,Wages paid within seven working days after wage period,Bangladesh Labour Act s.123,Yes,Compliant,Low,HR & Compliance,,Closed,https://bdlaws.minlaw.gov.bd/act-print-952.html
COMP-EMP0088-04,EMP0088,2026-06-01,Human Resources,Configured Wage Floor,Pay meets current sector/grade wage gazette configured by the user,Bangladesh Labour Act ss.138-140,Yes,Compliant,Low,HR & Compliance,,Closed,https://bdlaws.minlaw.gov.bd/act-print-952.html
COMP-EMP0088-05,EMP0088,2026-06-01,Human Resources,Overtime Rate,Overtime is paid at the legally required double-rate basis,Bangladesh Labour Act s.108,Yes,Compliant,Low,HR & Compliance,,Closed,https://bdlaws.minlaw.gov.bd/act-print-952.html
COMP-EMP0088-06,EMP0088,2026-06-01,Human Resources,Working Hours,"Daily/weekly limits, rest break and weekly holiday controls",Bangladesh Labour Act ss.100-103,Yes,Compliant,Low,HR & Compliance,,Closed,https://bdlaws.minlaw.gov.bd/act-print-952.html
COMP-EMP0088-07,EMP0088,2026-06-01,Human Resources,Leave Records,"Casual, sick, earned and festival leave records maintained",Bangladesh Labour Act ss.115-118,Compliant,Compliant,Low,HR & Compliance,,Closed,https://bdlaws.minlaw.gov.bd/act-print-952.html
COMP-EMP0088-08,EMP0088,2026-06-01,Human Resources,Payroll TDS Evidence,Salary withholding reviewed and evidence retained,Income Tax Act 2023 / WHT Rules 2026,Available,Compliant,Low,HR & Compliance,,Closed,https://nbr.gov.bd/regulations/rules/income-tax-rules/eng
COMP-EMP0088-09,EMP0088,2026-06-01,Human Resources,Benefit Enrollment,Eligible employee benefits are recorded and administered,Labour Act/Rules and company policy,Compliant,Compliant,Low,HR & Compliance,,Closed,https://bdlaws.minlaw.gov.bd/act-print-952.html
COMP-EMP0089-01,EMP0089,2026-06-01,Finance & Accounts,Appointment Letter,Appointment letter issued and retained,Bangladesh Labour Act s.5 / Rules,Yes,Compliant,Low,HR & Compliance,,Closed,https://bdlaws.minlaw.gov.bd/act-print-952.html
COMP-EMP0089-02,EMP0089,2026-06-01,Finance & Accounts,Photo ID Card,Photo identity card issued,Bangladesh Labour Act s.5,Yes,Compliant,Low,HR & Compliance,,Closed,https://bdlaws.minlaw.gov.bd/act-print-952.html
COMP-EMP0089-03,EMP0089,2026-06-01,Finance & Accounts,Wage Payment Deadline,Wages paid within seven working days after wage period,Bangladesh Labour Act s.123,Yes,Compliant,Low,HR & Compliance,,Closed,https://bdlaws.minlaw.gov.bd/act-print-952.html
COMP-EMP0089-04,EMP0089,2026-06-01,Finance & Accounts,Configured Wage Floor,Pay meets current sector/grade wage gazette configured by the user,Bangladesh Labour Act ss.138-140,Yes,Compliant,Low,HR & Compliance,,Closed,https://bdlaws.minlaw.gov.bd/act-print-952.html
COMP-EMP0089-05,EMP0089,2026-06-01,Finance & Accounts,Overtime Rate,Overtime is paid at the legally required double-rate basis,Bangladesh Labour Act s.108,No,Non-Compliant,High,HR & Compliance,2026-07-31,Open,https://bdlaws.minlaw.gov.bd/act-print-952.html
COMP-EMP0089-06,EMP0089,2026-06-01,Finance & Accounts,Working Hours,"Daily/weekly limits, rest break and weekly holiday controls",Bangladesh Labour Act ss.100-103,Yes,Compliant,Low,HR & Compliance,,Closed,https://bdlaws.minlaw.gov.bd/act-print-952.html
COMP-EMP0089-07,EMP0089,2026-06-01,Finance & Accounts,Leave Records,"Casual, sick, earned and festival leave records maintained",Bangladesh Labour Act ss.115-118,Compliant,Compliant,Low,HR & Compliance,,Closed,https://bdlaws.minlaw.gov.bd/act-print-952.html
COMP-EMP0089-08,EMP0089,2026-06-01,Finance & Accounts,Payroll TDS Evidence,Salary withholding reviewed and evidence retained,Income Tax Act 2023 / WHT Rules 2026,Not Required/Below Threshold,Compliant,Low,HR & Compliance,,Closed,https://nbr.gov.bd/regulations/rules/income-tax-rules/eng
COMP-EMP0089-09,EMP0089,2026-06-01,Finance & Accounts,Benefit Enrollment,Eligible employee benefits are recorded and administered,Labour Act/Rules and company policy,Compliant,Compliant,Low,HR & Compliance,,Closed,https://bdlaws.minlaw.gov.bd/act-print-952.html
COMP-EMP0090-01,EMP0090,2026-06-01,Production,Appointment Letter,Appointment letter issued and retained,Bangladesh Labour Act s.5 / Rules,Yes,Compliant,Low,HR & Compliance,,Closed,https://bdlaws.minlaw.gov.bd/act-print-952.html
COMP-EMP0090-02,EMP0090,2026-06-01,Production,Photo ID Card,Photo identity card issued,Bangladesh Labour Act s.5,Yes,Compliant,Low,HR & Compliance,,Closed,https://bdlaws.minlaw.gov.bd/act-print-952.html
COMP-EMP0090-03,EMP0090,2026-06-01,Production,Wage Payment Deadline,Wages paid within seven working days after wage period,Bangladesh Labour Act s.123,Yes,Compliant,Low,HR & Compliance,,Closed,https://bdlaws.minlaw.gov.bd/act-print-952.html
COMP-EMP0090-04,EMP0090,2026-06-01,Production,Configured Wage Floor,Pay meets current sector/grade wage gazette configured by the user,Bangladesh Labour Act ss.138-140,Yes,Compliant,Low,HR & Compliance,,Closed,https://bdlaws.minlaw.gov.bd/act-print-952.html
COMP-EMP0090-05,EMP0090,2026-06-01,Production,Overtime Rate,Overtime is paid at the legally required double-rate basis,Bangladesh Labour Act s.108,Yes,Compliant,Low,HR & Compliance,,Closed,https://bdlaws.minlaw.gov.bd/act-print-952.html
COMP-EMP0090-06,EMP0090,2026-06-01,Production,Working Hours,"Daily/weekly limits, rest break and weekly holiday controls",Bangladesh Labour Act ss.100-103,Yes,Compliant,Low,HR & Compliance,,Closed,https://bdlaws.minlaw.gov.bd/act-print-952.html
COMP-EMP0090-07,EMP0090,2026-06-01,Production,Leave Records,"Casual, sick, earned and festival leave records maintained",Bangladesh Labour Act ss.115-118,Compliant,Compliant,Low,HR & Compliance,,Closed,https://bdlaws.minlaw.gov.bd/act-print-952.html
COMP-EMP0090-08,EMP0090,2026-06-01,Production,Payroll TDS Evidence,Salary withholding reviewed and evidence retained,Income Tax Act 2023 / WHT Rules 2026,Not Required/Below Threshold,Compliant,Low,HR & Compliance,,Closed,https://nbr.gov.bd/regulations/rules/income-tax-rules/eng
COMP-EMP0090-09,EMP0090,2026-06-01,Production,Benefit Enrollment,Eligible employee benefits are recorded and administered,Labour Act/Rules and company policy,Exception,Non-Compliant,Medium,HR & Compliance,2026-07-31,Open,https://bdlaws.minlaw.gov.bd/act-print-952.html
COMP-EMP0091-01,EMP0091,2026-06-01,Quality Assurance,Appointment Letter,Appointment letter issued and retained,Bangladesh Labour Act s.5 / Rules,Yes,Compliant,Low,HR & Compliance,,Closed,https://bdlaws.minlaw.gov.bd/act-print-952.html
COMP-EMP0091-02,EMP0091,2026-06-01,Quality Assurance,Photo ID Card,Photo identity card issued,Bangladesh Labour Act s.5,Yes,Compliant,Low,HR & Compliance,,Closed,https://bdlaws.minlaw.gov.bd/act-print-952.html
COMP-EMP0091-03,EMP0091,2026-06-01,Quality Assurance,Wage Payment Deadline,Wages paid within seven working days after wage period,Bangladesh Labour Act s.123,Yes,Compliant,Low,HR & Compliance,,Closed,https://bdlaws.minlaw.gov.bd/act-print-952.html
COMP-EMP0091-04,EMP0091,2026-06-01,Quality Assurance,Configured Wage Floor,Pay meets current sector/grade wage gazette configured by the user,Bangladesh Labour Act ss.138-140,Yes,Compliant,Low,HR & Compliance,,Closed,https://bdlaws.minlaw.gov.bd/act-print-952.html
COMP-EMP0091-05,EMP0091,2026-06-01,Quality Assurance,Overtime Rate,Overtime is paid at the legally required double-rate basis,Bangladesh Labour Act s.108,No,Non-Compliant,High,HR & Compliance,2026-07-31,Open,https://bdlaws.minlaw.gov.bd/act-print-952.html
COMP-EMP0091-06,EMP0091,2026-06-01,Quality Assurance,Working Hours,"Daily/weekly limits, rest break and weekly holiday controls",Bangladesh Labour Act ss.100-103,No,Non-Compliant,High,HR & Compliance,2026-07-31,Open,https://bdlaws.minlaw.gov.bd/act-print-952.html
COMP-EMP0091-07,EMP0091,2026-06-01,Quality Assurance,Leave Records,"Casual, sick, earned and festival leave records maintained",Bangladesh Labour Act ss.115-118,Compliant,Compliant,Low,HR & Compliance,,Closed,https://bdlaws.minlaw.gov.bd/act-print-952.html
COMP-EMP0091-08,EMP0091,2026-06-01,Quality Assurance,Payroll TDS Evidence,Salary withholding reviewed and evidence retained,Income Tax Act 2023 / WHT Rules 2026,Available,Compliant,Low,HR & Compliance,,Closed,https://nbr.gov.bd/regulations/rules/income-tax-rules/eng
COMP-EMP0091-09,EMP0091,2026-06-01,Quality Assurance,Benefit Enrollment,Eligible employee benefits are recorded and administered,Labour Act/Rules and company policy,Exception,Non-Compliant,Medium,HR & Compliance,2026-07-31,Open,https://bdlaws.minlaw.gov.bd/act-print-952.html
COMP-EMP0092-01,EMP0092,2026-06-01,Quality Assurance,Appointment Letter,Appointment letter issued and retained,Bangladesh Labour Act s.5 / Rules,Yes,Compliant,Low,HR & Compliance,,Closed,https://bdlaws.minlaw.gov.bd/act-print-952.html
COMP-EMP0092-02,EMP0092,2026-06-01,Quality Assurance,Photo ID Card,Photo identity card issued,Bangladesh Labour Act s.5,Yes,Compliant,Low,HR & Compliance,,Closed,https://bdlaws.minlaw.gov.bd/act-print-952.html
COMP-EMP0092-03,EMP0092,2026-06-01,Quality Assurance,Wage Payment Deadline,Wages paid within seven working days after wage period,Bangladesh Labour Act s.123,Yes,Compliant,Low,HR & Compliance,,Closed,https://bdlaws.minlaw.gov.bd/act-print-952.html
COMP-EMP0092-04,EMP0092,2026-06-01,Quality Assurance,Configured Wage Floor,Pay meets current sector/grade wage gazette configured by the user,Bangladesh Labour Act ss.138-140,Yes,Compliant,Low,HR & Compliance,,Closed,https://bdlaws.minlaw.gov.bd/act-print-952.html
COMP-EMP0092-05,EMP0092,2026-06-01,Quality Assurance,Overtime Rate,Overtime is paid at the legally required double-rate basis,Bangladesh Labour Act s.108,Yes,Compliant,Low,HR & Compliance,,Closed,https://bdlaws.minlaw.gov.bd/act-print-952.html
COMP-EMP0092-06,EMP0092,2026-06-01,Quality Assurance,Working Hours,"Daily/weekly limits, rest break and weekly holiday controls",Bangladesh Labour Act ss.100-103,Yes,Compliant,Low,HR & Compliance,,Closed,https://bdlaws.minlaw.gov.bd/act-print-952.html
COMP-EMP0092-07,EMP0092,2026-06-01,Quality Assurance,Leave Records,"Casual, sick, earned and festival leave records maintained",Bangladesh Labour Act ss.115-118,Compliant,Compliant,Low,HR & Compliance,,Closed,https://bdlaws.minlaw.gov.bd/act-print-952.html
COMP-EMP0092-08,EMP0092,2026-06-01,Quality Assurance,Payroll TDS Evidence,Salary withholding reviewed and evidence retained,Income Tax Act 2023 / WHT Rules 2026,Available,Compliant,Low,HR & Compliance,,Closed,https://nbr.gov.bd/regulations/rules/income-tax-rules/eng
COMP-EMP0092-09,EMP0092,2026-06-01,Quality Assurance,Benefit Enrollment,Eligible employee benefits are recorded and administered,Labour Act/Rules and company policy,Compliant,Compliant,Low,HR & Compliance,,Closed,https://bdlaws.minlaw.gov.bd/act-print-952.html
COMP-EMP0093-01,EMP0093,2026-06-01,Finance & Accounts,Appointment Letter,Appointment letter issued and retained,Bangladesh Labour Act s.5 / Rules,Yes,Compliant,Low,HR & Compliance,,Closed,https://bdlaws.minlaw.gov.bd/act-print-952.html
COMP-EMP0093-02,EMP0093,2026-06-01,Finance & Accounts,Photo ID Card,Photo identity card issued,Bangladesh Labour Act s.5,Yes,Compliant,Low,HR & Compliance,,Closed,https://bdlaws.minlaw.gov.bd/act-print-952.html
COMP-EMP0093-03,EMP0093,2026-06-01,Finance & Accounts,Wage Payment Deadline,Wages paid within seven working days after wage period,Bangladesh Labour Act s.123,Yes,Compliant,Low,HR & Compliance,,Closed,https://bdlaws.minlaw.gov.bd/act-print-952.html
COMP-EMP0093-04,EMP0093,2026-06-01,Finance & Accounts,Configured Wage Floor,Pay meets current sector/grade wage gazette configured by the user,Bangladesh Labour Act ss.138-140,Yes,Compliant,Low,HR & Compliance,,Closed,https://bdlaws.minlaw.gov.bd/act-print-952.html
COMP-EMP0093-05,EMP0093,2026-06-01,Finance & Accounts,Overtime Rate,Overtime is paid at the legally required double-rate basis,Bangladesh Labour Act s.108,Yes,Compliant,Low,HR & Compliance,,Closed,https://bdlaws.minlaw.gov.bd/act-print-952.html
COMP-EMP0093-06,EMP0093,2026-06-01,Finance & Accounts,Working Hours,"Daily/weekly limits, rest break and weekly holiday controls",Bangladesh Labour Act ss.100-103,No,Non-Compliant,High,HR & Compliance,2026-07-31,Open,https://bdlaws.minlaw.gov.bd/act-print-952.html
COMP-EMP0093-07,EMP0093,2026-06-01,Finance & Accounts,Leave Records,"Casual, sick, earned and festival leave records maintained",Bangladesh Labour Act ss.115-118,Compliant,Compliant,Low,HR & Compliance,,Closed,https://bdlaws.minlaw.gov.bd/act-print-952.html
COMP-EMP0093-08,EMP0093,2026-06-01,Finance & Accounts,Payroll TDS Evidence,Salary withholding reviewed and evidence retained,Income Tax Act 2023 / WHT Rules 2026,Not Required/Below Threshold,Compliant,Low,HR & Compliance,,Closed,https://nbr.gov.bd/regulations/rules/income-tax-rules/eng
COMP-EMP0093-09,EMP0093,2026-06-01,Finance & Accounts,Benefit Enrollment,Eligible employee benefits are recorded and administered,Labour Act/Rules and company policy,Compliant,Compliant,Low,HR & Compliance,,Closed,https://bdlaws.minlaw.gov.bd/act-print-952.html
COMP-EMP0094-01,EMP0094,2026-06-01,Human Resources,Appointment Letter,Appointment letter issued and retained,Bangladesh Labour Act s.5 / Rules,Yes,Compliant,Low,HR & Compliance,,Closed,https://bdlaws.minlaw.gov.bd/act-print-952.html
COMP-EMP0094-02,EMP0094,2026-06-01,Human Resources,Photo ID Card,Photo identity card issued,Bangladesh Labour Act s.5,Yes,Compliant,Low,HR & Compliance,,Closed,https://bdlaws.minlaw.gov.bd/act-print-952.html
COMP-EMP0094-03,EMP0094,2026-06-01,Human Resources,Wage Payment Deadline,Wages paid within seven working days after wage period,Bangladesh Labour Act s.123,Yes,Compliant,Low,HR & Compliance,,Closed,https://bdlaws.minlaw.gov.bd/act-print-952.html
COMP-EMP0094-04,EMP0094,2026-06-01,Human Resources,Configured Wage Floor,Pay meets current sector/grade wage gazette configured by the user,Bangladesh Labour Act ss.138-140,Yes,Compliant,Low,HR & Compliance,,Closed,https://bdlaws.minlaw.gov.bd/act-print-952.html
COMP-EMP0094-05,EMP0094,2026-06-01,Human Resources,Overtime Rate,Overtime is paid at the legally required double-rate basis,Bangladesh Labour Act s.108,Yes,Compliant,Low,HR & Compliance,,Closed,https://bdlaws.minlaw.gov.bd/act-print-952.html
COMP-EMP0094-06,EMP0094,2026-06-01,Human Resources,Working Hours,"Daily/weekly limits, rest break and weekly holiday controls",Bangladesh Labour Act ss.100-103,Yes,Compliant,Low,HR & Compliance,,Closed,https://bdlaws.minlaw.gov.bd/act-print-952.html
COMP-EMP0094-07,EMP0094,2026-06-01,Human Resources,Leave Records,"Casual, sick, earned and festival leave records maintained",Bangladesh Labour Act ss.115-118,Compliant,Compliant,Low,HR & Compliance,,Closed,https://bdlaws.minlaw.gov.bd/act-print-952.html
COMP-EMP0094-08,EMP0094,2026-06-01,Human Resources,Payroll TDS Evidence,Salary withholding reviewed and evidence retained,Income Tax Act 2023 / WHT Rules 2026,Available,Compliant,Low,HR & Compliance,,Closed,https://nbr.gov.bd/regulations/rules/income-tax-rules/eng
COMP-EMP0094-09,EMP0094,2026-06-01,Human Resources,Benefit Enrollment,Eligible employee benefits are recorded and administered,Labour Act/Rules and company policy,Compliant,Compliant,Low,HR & Compliance,,Closed,https://bdlaws.minlaw.gov.bd/act-print-952.html
COMP-EMP0095-01,EMP0095,2026-06-01,Production,Appointment Letter,Appointment letter issued and retained,Bangladesh Labour Act s.5 / Rules,Yes,Compliant,Low,HR & Compliance,,Closed,https://bdlaws.minlaw.gov.bd/act-print-952.html
COMP-EMP0095-02,EMP0095,2026-06-01,Production,Photo ID Card,Photo identity card issued,Bangladesh Labour Act s.5,Yes,Compliant,Low,HR & Compliance,,Closed,https://bdlaws.minlaw.gov.bd/act-print-952.html
COMP-EMP0095-03,EMP0095,2026-06-01,Production,Wage Payment Deadline,Wages paid within seven working days after wage period,Bangladesh Labour Act s.123,Yes,Compliant,Low,HR & Compliance,,Closed,https://bdlaws.minlaw.gov.bd/act-print-952.html
COMP-EMP0095-04,EMP0095,2026-06-01,Production,Configured Wage Floor,Pay meets current sector/grade wage gazette configured by the user,Bangladesh Labour Act ss.138-140,Yes,Compliant,Low,HR & Compliance,,Closed,https://bdlaws.minlaw.gov.bd/act-print-952.html
COMP-EMP0095-05,EMP0095,2026-06-01,Production,Overtime Rate,Overtime is paid at the legally required double-rate basis,Bangladesh Labour Act s.108,Yes,Compliant,Low,HR & Compliance,,Closed,https://bdlaws.minlaw.gov.bd/act-print-952.html
COMP-EMP0095-06,EMP0095,2026-06-01,Production,Working Hours,"Daily/weekly limits, rest break and weekly holiday controls",Bangladesh Labour Act ss.100-103,Yes,Compliant,Low,HR & Compliance,,Closed,https://bdlaws.minlaw.gov.bd/act-print-952.html
COMP-EMP0095-07,EMP0095,2026-06-01,Production,Leave Records,"Casual, sick, earned and festival leave records maintained",Bangladesh Labour Act ss.115-118,Compliant,Compliant,Low,HR & Compliance,,Closed,https://bdlaws.minlaw.gov.bd/act-print-952.html
COMP-EMP0095-08,EMP0095,2026-06-01,Production,Payroll TDS Evidence,Salary withholding reviewed and evidence retained,Income Tax Act 2023 / WHT Rules 2026,Not Required/Below Threshold,Compliant,Low,HR & Compliance,,Closed,https://nbr.gov.bd/regulations/rules/income-tax-rules/eng
COMP-EMP0095-09,EMP0095,2026-06-01,Production,Benefit Enrollment,Eligible employee benefits are recorded and administered,Labour Act/Rules and company policy,Exception,Non-Compliant,Medium,HR & Compliance,2026-07-31,Open,https://bdlaws.minlaw.gov.bd/act-print-952.html
COMP-EMP0096-01,EMP0096,2026-06-01,Administration,Appointment Letter,Appointment letter issued and retained,Bangladesh Labour Act s.5 / Rules,Yes,Compliant,Low,HR & Compliance,,Closed,https://bdlaws.minlaw.gov.bd/act-print-952.html
COMP-EMP0096-02,EMP0096,2026-06-01,Administration,Photo ID Card,Photo identity card issued,Bangladesh Labour Act s.5,Yes,Compliant,Low,HR & Compliance,,Closed,https://bdlaws.minlaw.gov.bd/act-print-952.html
COMP-EMP0096-03,EMP0096,2026-06-01,Administration,Wage Payment Deadline,Wages paid within seven working days after wage period,Bangladesh Labour Act s.123,Yes,Compliant,Low,HR & Compliance,,Closed,https://bdlaws.minlaw.gov.bd/act-print-952.html
COMP-EMP0096-04,EMP0096,2026-06-01,Administration,Configured Wage Floor,Pay meets current sector/grade wage gazette configured by the user,Bangladesh Labour Act ss.138-140,Yes,Compliant,Low,HR & Compliance,,Closed,https://bdlaws.minlaw.gov.bd/act-print-952.html
COMP-EMP0096-05,EMP0096,2026-06-01,Administration,Overtime Rate,Overtime is paid at the legally required double-rate basis,Bangladesh Labour Act s.108,Yes,Compliant,Low,HR & Compliance,,Closed,https://bdlaws.minlaw.gov.bd/act-print-952.html
COMP-EMP0096-06,EMP0096,2026-06-01,Administration,Working Hours,"Daily/weekly limits, rest break and weekly holiday controls",Bangladesh Labour Act ss.100-103,Yes,Compliant,Low,HR & Compliance,,Closed,https://bdlaws.minlaw.gov.bd/act-print-952.html
COMP-EMP0096-07,EMP0096,2026-06-01,Administration,Leave Records,"Casual, sick, earned and festival leave records maintained",Bangladesh Labour Act ss.115-118,Compliant,Compliant,Low,HR & Compliance,,Closed,https://bdlaws.minlaw.gov.bd/act-print-952.html
COMP-EMP0096-08,EMP0096,2026-06-01,Administration,Payroll TDS Evidence,Salary withholding reviewed and evidence retained,Income Tax Act 2023 / WHT Rules 2026,Available,Compliant,Low,HR & Compliance,,Closed,https://nbr.gov.bd/regulations/rules/income-tax-rules/eng
COMP-EMP0096-09,EMP0096,2026-06-01,Administration,Benefit Enrollment,Eligible employee benefits are recorded and administered,Labour Act/Rules and company policy,Compliant,Compliant,Low,HR & Compliance,,Closed,https://bdlaws.minlaw.gov.bd/act-print-952.html
COMP-EMP0097-01,EMP0097,2026-06-01,Finance & Accounts,Appointment Letter,Appointment letter issued and retained,Bangladesh Labour Act s.5 / Rules,Yes,Compliant,Low,HR & Compliance,,Closed,https://bdlaws.minlaw.gov.bd/act-print-952.html
COMP-EMP0097-02,EMP0097,2026-06-01,Finance & Accounts,Photo ID Card,Photo identity card issued,Bangladesh Labour Act s.5,Yes,Compliant,Low,HR & Compliance,,Closed,https://bdlaws.minlaw.gov.bd/act-print-952.html
COMP-EMP0097-03,EMP0097,2026-06-01,Finance & Accounts,Wage Payment Deadline,Wages paid within seven working days after wage period,Bangladesh Labour Act s.123,Yes,Compliant,Low,HR & Compliance,,Closed,https://bdlaws.minlaw.gov.bd/act-print-952.html
COMP-EMP0097-04,EMP0097,2026-06-01,Finance & Accounts,Configured Wage Floor,Pay meets current sector/grade wage gazette configured by the user,Bangladesh Labour Act ss.138-140,Yes,Compliant,Low,HR & Compliance,,Closed,https://bdlaws.minlaw.gov.bd/act-print-952.html
COMP-EMP0097-05,EMP0097,2026-06-01,Finance & Accounts,Overtime Rate,Overtime is paid at the legally required double-rate basis,Bangladesh Labour Act s.108,No,Non-Compliant,High,HR & Compliance,2026-07-31,Open,https://bdlaws.minlaw.gov.bd/act-print-952.html
COMP-EMP0097-06,EMP0097,2026-06-01,Finance & Accounts,Working Hours,"Daily/weekly limits, rest break and weekly holiday controls",Bangladesh Labour Act ss.100-103,No,Non-Compliant,High,HR & Compliance,2026-07-31,Open,https://bdlaws.minlaw.gov.bd/act-print-952.html
COMP-EMP0097-07,EMP0097,2026-06-01,Finance & Accounts,Leave Records,"Casual, sick, earned and festival leave records maintained",Bangladesh Labour Act ss.115-118,Compliant,Compliant,Low,HR & Compliance,,Closed,https://bdlaws.minlaw.gov.bd/act-print-952.html
COMP-EMP0097-08,EMP0097,2026-06-01,Finance & Accounts,Payroll TDS Evidence,Salary withholding reviewed and evidence retained,Income Tax Act 2023 / WHT Rules 2026,Available,Compliant,Low,HR & Compliance,,Closed,https://nbr.gov.bd/regulations/rules/income-tax-rules/eng
COMP-EMP0097-09,EMP0097,2026-06-01,Finance & Accounts,Benefit Enrollment,Eligible employee benefits are recorded and administered,Labour Act/Rules and company policy,Compliant,Compliant,Low,HR & Compliance,,Closed,https://bdlaws.minlaw.gov.bd/act-print-952.html
COMP-EMP0098-01,EMP0098,2026-06-01,Quality Assurance,Appointment Letter,Appointment letter issued and retained,Bangladesh Labour Act s.5 / Rules,Yes,Compliant,Low,HR & Compliance,,Closed,https://bdlaws.minlaw.gov.bd/act-print-952.html
COMP-EMP0098-02,EMP0098,2026-06-01,Quality Assurance,Photo ID Card,Photo identity card issued,Bangladesh Labour Act s.5,Yes,Compliant,Low,HR & Compliance,,Closed,https://bdlaws.minlaw.gov.bd/act-print-952.html
COMP-EMP0098-03,EMP0098,2026-06-01,Quality Assurance,Wage Payment Deadline,Wages paid within seven working days after wage period,Bangladesh Labour Act s.123,Yes,Compliant,Low,HR & Compliance,,Closed,https://bdlaws.minlaw.gov.bd/act-print-952.html
COMP-EMP0098-04,EMP0098,2026-06-01,Quality Assurance,Configured Wage Floor,Pay meets current sector/grade wage gazette configured by the user,Bangladesh Labour Act ss.138-140,Yes,Compliant,Low,HR & Compliance,,Closed,https://bdlaws.minlaw.gov.bd/act-print-952.html
COMP-EMP0098-05,EMP0098,2026-06-01,Quality Assurance,Overtime Rate,Overtime is paid at the legally required double-rate basis,Bangladesh Labour Act s.108,Yes,Compliant,Low,HR & Compliance,,Closed,https://bdlaws.minlaw.gov.bd/act-print-952.html
COMP-EMP0098-06,EMP0098,2026-06-01,Quality Assurance,Working Hours,"Daily/weekly limits, rest break and weekly holiday controls",Bangladesh Labour Act ss.100-103,No,Non-Compliant,High,HR & Compliance,2026-07-31,Open,https://bdlaws.minlaw.gov.bd/act-print-952.html
COMP-EMP0098-07,EMP0098,2026-06-01,Quality Assurance,Leave Records,"Casual, sick, earned and festival leave records maintained",Bangladesh Labour Act ss.115-118,Compliant,Compliant,Low,HR & Compliance,,Closed,https://bdlaws.minlaw.gov.bd/act-print-952.html
COMP-EMP0098-08,EMP0098,2026-06-01,Quality Assurance,Payroll TDS Evidence,Salary withholding reviewed and evidence retained,Income Tax Act 2023 / WHT Rules 2026,Available,Compliant,Low,HR & Compliance,,Closed,https://nbr.gov.bd/regulations/rules/income-tax-rules/eng
COMP-EMP0098-09,EMP0098,2026-06-01,Quality Assurance,Benefit Enrollment,Eligible employee benefits are recorded and administered,Labour Act/Rules and company policy,Compliant,Compliant,Low,HR & Compliance,,Closed,https://bdlaws.minlaw.gov.bd/act-print-952.html
COMP-EMP0099-01,EMP0099,2026-06-01,Information Technology,Appointment Letter,Appointment letter issued and retained,Bangladesh Labour Act s.5 / Rules,Yes,Compliant,Low,HR & Compliance,,Closed,https://bdlaws.minlaw.gov.bd/act-print-952.html
COMP-EMP0099-02,EMP0099,2026-06-01,Information Technology,Photo ID Card,Photo identity card issued,Bangladesh Labour Act s.5,Yes,Compliant,Low,HR & Compliance,,Closed,https://bdlaws.minlaw.gov.bd/act-print-952.html
COMP-EMP0099-03,EMP0099,2026-06-01,Information Technology,Wage Payment Deadline,Wages paid within seven working days after wage period,Bangladesh Labour Act s.123,Yes,Compliant,Low,HR & Compliance,,Closed,https://bdlaws.minlaw.gov.bd/act-print-952.html
COMP-EMP0099-04,EMP0099,2026-06-01,Information Technology,Configured Wage Floor,Pay meets current sector/grade wage gazette configured by the user,Bangladesh Labour Act ss.138-140,Yes,Compliant,Low,HR & Compliance,,Closed,https://bdlaws.minlaw.gov.bd/act-print-952.html
COMP-EMP0099-05,EMP0099,2026-06-01,Information Technology,Overtime Rate,Overtime is paid at the legally required double-rate basis,Bangladesh Labour Act s.108,No,Non-Compliant,High,HR & Compliance,2026-07-31,Open,https://bdlaws.minlaw.gov.bd/act-print-952.html
COMP-EMP0099-06,EMP0099,2026-06-01,Information Technology,Working Hours,"Daily/weekly limits, rest break and weekly holiday controls",Bangladesh Labour Act ss.100-103,Yes,Compliant,Low,HR & Compliance,,Closed,https://bdlaws.minlaw.gov.bd/act-print-952.html
COMP-EMP0099-07,EMP0099,2026-06-01,Information Technology,Leave Records,"Casual, sick, earned and festival leave records maintained",Bangladesh Labour Act ss.115-118,Compliant,Compliant,Low,HR & Compliance,,Closed,https://bdlaws.minlaw.gov.bd/act-print-952.html
COMP-EMP0099-08,EMP0099,2026-06-01,Information Technology,Payroll TDS Evidence,Salary withholding reviewed and evidence retained,Income Tax Act 2023 / WHT Rules 2026,Missing,Non-Compliant,Medium,HR & Compliance,2026-07-31,Open,https://nbr.gov.bd/regulations/rules/income-tax-rules/eng
COMP-EMP0099-09,EMP0099,2026-06-01,Information Technology,Benefit Enrollment,Eligible employee benefits are recorded and administered,Labour Act/Rules and company policy,Compliant,Compliant,Low,HR & Compliance,,Closed,https://bdlaws.minlaw.gov.bd/act-print-952.html
COMP-EMP0100-01,EMP0100,2026-06-01,Information Technology,Appointment Letter,Appointment letter issued and retained,Bangladesh Labour Act s.5 / Rules,Yes,Compliant,Low,HR & Compliance,,Closed,https://bdlaws.minlaw.gov.bd/act-print-952.html
COMP-EMP0100-02,EMP0100,2026-06-01,Information Technology,Photo ID Card,Photo identity card issued,Bangladesh Labour Act s.5,Yes,Compliant,Low,HR & Compliance,,Closed,https://bdlaws.minlaw.gov.bd/act-print-952.html
COMP-EMP0100-03,EMP0100,2026-06-01,Information Technology,Wage Payment Deadline,Wages paid within seven working days after wage period,Bangladesh Labour Act s.123,Yes,Compliant,Low,HR & Compliance,,Closed,https://bdlaws.minlaw.gov.bd/act-print-952.html
COMP-EMP0100-04,EMP0100,2026-06-01,Information Technology,Configured Wage Floor,Pay meets current sector/grade wage gazette configured by the user,Bangladesh Labour Act ss.138-140,Yes,Compliant,Low,HR & Compliance,,Closed,https://bdlaws.minlaw.gov.bd/act-print-952.html
COMP-EMP0100-05,EMP0100,2026-06-01,Information Technology,Overtime Rate,Overtime is paid at the legally required double-rate basis,Bangladesh Labour Act s.108,Yes,Compliant,Low,HR & Compliance,,Closed,https://bdlaws.minlaw.gov.bd/act-print-952.html
COMP-EMP0100-06,EMP0100,2026-06-01,Information Technology,Working Hours,"Daily/weekly limits, rest break and weekly holiday controls",Bangladesh Labour Act ss.100-103,No,Non-Compliant,High,HR & Compliance,2026-07-31,Open,https://bdlaws.minlaw.gov.bd/act-print-952.html
COMP-EMP0100-07,EMP0100,2026-06-01,Information Technology,Leave Records,"Casual, sick, earned and festival leave records maintained",Bangladesh Labour Act ss.115-118,Compliant,Compliant,Low,HR & Compliance,,Closed,https://bdlaws.minlaw.gov.bd/act-print-952.html
COMP-EMP0100-08,EMP0100,2026-06-01,Information Technology,Payroll TDS Evidence,Salary withholding reviewed and evidence retained,Income Tax Act 2023 / WHT Rules 2026,Available,Compliant,Low,HR & Compliance,,Closed,https://nbr.gov.bd/regulations/rules/income-tax-rules/eng
COMP-EMP0100-09,EMP0100,2026-06-01,Information Technology,Benefit Enrollment,Eligible employee benefits are recorded and administered,Labour Act/Rules and company policy,Compliant,Compliant,Low,HR & Compliance,,Closed,https://bdlaws.minlaw.gov.bd/act-print-952.html
COMP-EMP0101-01,EMP0101,2026-06-01,Administration,Appointment Letter,Appointment letter issued and retained,Bangladesh Labour Act s.5 / Rules,Yes,Compliant,Low,HR & Compliance,,Closed,https://bdlaws.minlaw.gov.bd/act-print-952.html
COMP-EMP0101-02,EMP0101,2026-06-01,Administration,Photo ID Card,Photo identity card issued,Bangladesh Labour Act s.5,Yes,Compliant,Low,HR & Compliance,,Closed,https://bdlaws.minlaw.gov.bd/act-print-952.html
COMP-EMP0101-03,EMP0101,2026-06-01,Administration,Wage Payment Deadline,Wages paid within seven working days after wage period,Bangladesh Labour Act s.123,Yes,Compliant,Low,HR & Compliance,,Closed,https://bdlaws.minlaw.gov.bd/act-print-952.html
COMP-EMP0101-04,EMP0101,2026-06-01,Administration,Configured Wage Floor,Pay meets current sector/grade wage gazette configured by the user,Bangladesh Labour Act ss.138-140,Yes,Compliant,Low,HR & Compliance,,Closed,https://bdlaws.minlaw.gov.bd/act-print-952.html
COMP-EMP0101-05,EMP0101,2026-06-01,Administration,Overtime Rate,Overtime is paid at the legally required double-rate basis,Bangladesh Labour Act s.108,Yes,Compliant,Low,HR & Compliance,,Closed,https://bdlaws.minlaw.gov.bd/act-print-952.html
COMP-EMP0101-06,EMP0101,2026-06-01,Administration,Working Hours,"Daily/weekly limits, rest break and weekly holiday controls",Bangladesh Labour Act ss.100-103,Yes,Compliant,Low,HR & Compliance,,Closed,https://bdlaws.minlaw.gov.bd/act-print-952.html
COMP-EMP0101-07,EMP0101,2026-06-01,Administration,Leave Records,"Casual, sick, earned and festival leave records maintained",Bangladesh Labour Act ss.115-118,Compliant,Compliant,Low,HR & Compliance,,Closed,https://bdlaws.minlaw.gov.bd/act-print-952.html
COMP-EMP0101-08,EMP0101,2026-06-01,Administration,Payroll TDS Evidence,Salary withholding reviewed and evidence retained,Income Tax Act 2023 / WHT Rules 2026,Available,Compliant,Low,HR & Compliance,,Closed,https://nbr.gov.bd/regulations/rules/income-tax-rules/eng
COMP-EMP0101-09,EMP0101,2026-06-01,Administration,Benefit Enrollment,Eligible employee benefits are recorded and administered,Labour Act/Rules and company policy,Compliant,Compliant,Low,HR & Compliance,,Closed,https://bdlaws.minlaw.gov.bd/act-print-952.html
COMP-EMP0102-01,EMP0102,2026-06-01,Finance & Accounts,Appointment Letter,Appointment letter issued and retained,Bangladesh Labour Act s.5 / Rules,Yes,Compliant,Low,HR & Compliance,,Closed,https://bdlaws.minlaw.gov.bd/act-print-952.html
COMP-EMP0102-02,EMP0102,2026-06-01,Finance & Accounts,Photo ID Card,Photo identity card issued,Bangladesh Labour Act s.5,Yes,Compliant,Low,HR & Compliance,,Closed,https://bdlaws.minlaw.gov.bd/act-print-952.html
COMP-EMP0102-03,EMP0102,2026-06-01,Finance & Accounts,Wage Payment Deadline,Wages paid within seven working days after wage period,Bangladesh Labour Act s.123,Yes,Compliant,Low,HR & Compliance,,Closed,https://bdlaws.minlaw.gov.bd/act-print-952.html
COMP-EMP0102-04,EMP0102,2026-06-01,Finance & Accounts,Configured Wage Floor,Pay meets current sector/grade wage gazette configured by the user,Bangladesh Labour Act ss.138-140,Yes,Compliant,Low,HR & Compliance,,Closed,https://bdlaws.minlaw.gov.bd/act-print-952.html
COMP-EMP0102-05,EMP0102,2026-06-01,Finance & Accounts,Overtime Rate,Overtime is paid at the legally required double-rate basis,Bangladesh Labour Act s.108,Yes,Compliant,Low,HR & Compliance,,Closed,https://bdlaws.minlaw.gov.bd/act-print-952.html
COMP-EMP0102-06,EMP0102,2026-06-01,Finance & Accounts,Working Hours,"Daily/weekly limits, rest break and weekly holiday controls",Bangladesh Labour Act ss.100-103,Yes,Compliant,Low,HR & Compliance,,Closed,https://bdlaws.minlaw.gov.bd/act-print-952.html
COMP-EMP0102-07,EMP0102,2026-06-01,Finance & Accounts,Leave Records,"Casual, sick, earned and festival leave records maintained",Bangladesh Labour Act ss.115-118,Compliant,Compliant,Low,HR & Compliance,,Closed,https://bdlaws.minlaw.gov.bd/act-print-952.html
COMP-EMP0102-08,EMP0102,2026-06-01,Finance & Accounts,Payroll TDS Evidence,Salary withholding reviewed and evidence retained,Income Tax Act 2023 / WHT Rules 2026,Available,Compliant,Low,HR & Compliance,,Closed,https://nbr.gov.bd/regulations/rules/income-tax-rules/eng
COMP-EMP0102-09,EMP0102,2026-06-01,Finance & Accounts,Benefit Enrollment,Eligible employee benefits are recorded and administered,Labour Act/Rules and company policy,Compliant,Compliant,Low,HR & Compliance,,Closed,https://bdlaws.minlaw.gov.bd/act-print-952.html
COMP-EMP0103-01,EMP0103,2026-06-01,Administration,Appointment Letter,Appointment letter issued and retained,Bangladesh Labour Act s.5 / Rules,Yes,Compliant,Low,HR & Compliance,,Closed,https://bdlaws.minlaw.gov.bd/act-print-952.html
COMP-EMP0103-02,EMP0103,2026-06-01,Administration,Photo ID Card,Photo identity card issued,Bangladesh Labour Act s.5,Yes,Compliant,Low,HR & Compliance,,Closed,https://bdlaws.minlaw.gov.bd/act-print-952.html
COMP-EMP0103-03,EMP0103,2026-06-01,Administration,Wage Payment Deadline,Wages paid within seven working days after wage period,Bangladesh Labour Act s.123,Yes,Compliant,Low,HR & Compliance,,Closed,https://bdlaws.minlaw.gov.bd/act-print-952.html
COMP-EMP0103-04,EMP0103,2026-06-01,Administration,Configured Wage Floor,Pay meets current sector/grade wage gazette configured by the user,Bangladesh Labour Act ss.138-140,Yes,Compliant,Low,HR & Compliance,,Closed,https://bdlaws.minlaw.gov.bd/act-print-952.html
COMP-EMP0103-05,EMP0103,2026-06-01,Administration,Overtime Rate,Overtime is paid at the legally required double-rate basis,Bangladesh Labour Act s.108,Yes,Compliant,Low,HR & Compliance,,Closed,https://bdlaws.minlaw.gov.bd/act-print-952.html
COMP-EMP0103-06,EMP0103,2026-06-01,Administration,Working Hours,"Daily/weekly limits, rest break and weekly holiday controls",Bangladesh Labour Act ss.100-103,No,Non-Compliant,High,HR & Compliance,2026-07-31,Open,https://bdlaws.minlaw.gov.bd/act-print-952.html
COMP-EMP0103-07,EMP0103,2026-06-01,Administration,Leave Records,"Casual, sick, earned and festival leave records maintained",Bangladesh Labour Act ss.115-118,Compliant,Compliant,Low,HR & Compliance,,Closed,https://bdlaws.minlaw.gov.bd/act-print-952.html
COMP-EMP0103-08,EMP0103,2026-06-01,Administration,Payroll TDS Evidence,Salary withholding reviewed and evidence retained,Income Tax Act 2023 / WHT Rules 2026,Not Required/Below Threshold,Compliant,Low,HR & Compliance,,Closed,https://nbr.gov.bd/regulations/rules/income-tax-rules/eng
COMP-EMP0103-09,EMP0103,2026-06-01,Administration,Benefit Enrollment,Eligible employee benefits are recorded and administered,Labour Act/Rules and company policy,Compliant,Compliant,Low,HR & Compliance,,Closed,https://bdlaws.minlaw.gov.bd/act-print-952.html
COMP-EMP0104-01,EMP0104,2026-06-01,Information Technology,Appointment Letter,Appointment letter issued and retained,Bangladesh Labour Act s.5 / Rules,Yes,Compliant,Low,HR & Compliance,,Closed,https://bdlaws.minlaw.gov.bd/act-print-952.html
COMP-EMP0104-02,EMP0104,2026-06-01,Information Technology,Photo ID Card,Photo identity card issued,Bangladesh Labour Act s.5,No,Non-Compliant,Medium,HR & Compliance,2026-07-31,Open,https://bdlaws.minlaw.gov.bd/act-print-952.html
COMP-EMP0104-03,EMP0104,2026-06-01,Information Technology,Wage Payment Deadline,Wages paid within seven working days after wage period,Bangladesh Labour Act s.123,Yes,Compliant,Low,HR & Compliance,,Closed,https://bdlaws.minlaw.gov.bd/act-print-952.html
COMP-EMP0104-04,EMP0104,2026-06-01,Information Technology,Configured Wage Floor,Pay meets current sector/grade wage gazette configured by the user,Bangladesh Labour Act ss.138-140,Yes,Compliant,Low,HR & Compliance,,Closed,https://bdlaws.minlaw.gov.bd/act-print-952.html
COMP-EMP0104-05,EMP0104,2026-06-01,Information Technology,Overtime Rate,Overtime is paid at the legally required double-rate basis,Bangladesh Labour Act s.108,Yes,Compliant,Low,HR & Compliance,,Closed,https://bdlaws.minlaw.gov.bd/act-print-952.html
COMP-EMP0104-06,EMP0104,2026-06-01,Information Technology,Working Hours,"Daily/weekly limits, rest break and weekly holiday controls",Bangladesh Labour Act ss.100-103,Yes,Compliant,Low,HR & Compliance,,Closed,https://bdlaws.minlaw.gov.bd/act-print-952.html
COMP-EMP0104-07,EMP0104,2026-06-01,Information Technology,Leave Records,"Casual, sick, earned and festival leave records maintained",Bangladesh Labour Act ss.115-118,Compliant,Compliant,Low,HR & Compliance,,Closed,https://bdlaws.minlaw.gov.bd/act-print-952.html
COMP-EMP0104-08,EMP0104,2026-06-01,Information Technology,Payroll TDS Evidence,Salary withholding reviewed and evidence retained,Income Tax Act 2023 / WHT Rules 2026,Not Required/Below Threshold,Compliant,Low,HR & Compliance,,Closed,https://nbr.gov.bd/regulations/rules/income-tax-rules/eng
COMP-EMP0104-09,EMP0104,2026-06-01,Information Technology,Benefit Enrollment,Eligible employee benefits are recorded and administered,Labour Act/Rules and company policy,Compliant,Compliant,Low,HR & Compliance,,Closed,https://bdlaws.minlaw.gov.bd/act-print-952.html
COMP-EMP0105-01,EMP0105,2026-06-01,Administration,Appointment Letter,Appointment letter issued and retained,Bangladesh Labour Act s.5 / Rules,Yes,Compliant,Low,HR & Compliance,,Closed,https://bdlaws.minlaw.gov.bd/act-print-952.html
COMP-EMP0105-02,EMP0105,2026-06-01,Administration,Photo ID Card,Photo identity card issued,Bangladesh Labour Act s.5,Yes,Compliant,Low,HR & Compliance,,Closed,https://bdlaws.minlaw.gov.bd/act-print-952.html
COMP-EMP0105-03,EMP0105,2026-06-01,Administration,Wage Payment Deadline,Wages paid within seven working days after wage period,Bangladesh Labour Act s.123,Yes,Compliant,Low,HR & Compliance,,Closed,https://bdlaws.minlaw.gov.bd/act-print-952.html
COMP-EMP0105-04,EMP0105,2026-06-01,Administration,Configured Wage Floor,Pay meets current sector/grade wage gazette configured by the user,Bangladesh Labour Act ss.138-140,Yes,Compliant,Low,HR & Compliance,,Closed,https://bdlaws.minlaw.gov.bd/act-print-952.html
COMP-EMP0105-05,EMP0105,2026-06-01,Administration,Overtime Rate,Overtime is paid at the legally required double-rate basis,Bangladesh Labour Act s.108,Yes,Compliant,Low,HR & Compliance,,Closed,https://bdlaws.minlaw.gov.bd/act-print-952.html
COMP-EMP0105-06,EMP0105,2026-06-01,Administration,Working Hours,"Daily/weekly limits, rest break and weekly holiday controls",Bangladesh Labour Act ss.100-103,Yes,Compliant,Low,HR & Compliance,,Closed,https://bdlaws.minlaw.gov.bd/act-print-952.html
COMP-EMP0105-07,EMP0105,2026-06-01,Administration,Leave Records,"Casual, sick, earned and festival leave records maintained",Bangladesh Labour Act ss.115-118,Compliant,Compliant,Low,HR & Compliance,,Closed,https://bdlaws.minlaw.gov.bd/act-print-952.html
COMP-EMP0105-08,EMP0105,2026-06-01,Administration,Payroll TDS Evidence,Salary withholding reviewed and evidence retained,Income Tax Act 2023 / WHT Rules 2026,Not Required/Below Threshold,Compliant,Low,HR & Compliance,,Closed,https://nbr.gov.bd/regulations/rules/income-tax-rules/eng
COMP-EMP0105-09,EMP0105,2026-06-01,Administration,Benefit Enrollment,Eligible employee benefits are recorded and administered,Labour Act/Rules and company policy,Compliant,Compliant,Low,HR & Compliance,,Closed,https://bdlaws.minlaw.gov.bd/act-print-952.html
COMP-EMP0106-01,EMP0106,2026-06-01,Human Resources,Appointment Letter,Appointment letter issued and retained,Bangladesh Labour Act s.5 / Rules,Yes,Compliant,Low,HR & Compliance,,Closed,https://bdlaws.minlaw.gov.bd/act-print-952.html
COMP-EMP0106-02,EMP0106,2026-06-01,Human Resources,Photo ID Card,Photo identity card issued,Bangladesh Labour Act s.5,Yes,Compliant,Low,HR & Compliance,,Closed,https://bdlaws.minlaw.gov.bd/act-print-952.html
COMP-EMP0106-03,EMP0106,2026-06-01,Human Resources,Wage Payment Deadline,Wages paid within seven working days after wage period,Bangladesh Labour Act s.123,Yes,Compliant,Low,HR & Compliance,,Closed,https://bdlaws.minlaw.gov.bd/act-print-952.html
COMP-EMP0106-04,EMP0106,2026-06-01,Human Resources,Configured Wage Floor,Pay meets current sector/grade wage gazette configured by the user,Bangladesh Labour Act ss.138-140,Yes,Compliant,Low,HR & Compliance,,Closed,https://bdlaws.minlaw.gov.bd/act-print-952.html
COMP-EMP0106-05,EMP0106,2026-06-01,Human Resources,Overtime Rate,Overtime is paid at the legally required double-rate basis,Bangladesh Labour Act s.108,Yes,Compliant,Low,HR & Compliance,,Closed,https://bdlaws.minlaw.gov.bd/act-print-952.html
COMP-EMP0106-06,EMP0106,2026-06-01,Human Resources,Working Hours,"Daily/weekly limits, rest break and weekly holiday controls",Bangladesh Labour Act ss.100-103,Yes,Compliant,Low,HR & Compliance,,Closed,https://bdlaws.minlaw.gov.bd/act-print-952.html
COMP-EMP0106-07,EMP0106,2026-06-01,Human Resources,Leave Records,"Casual, sick, earned and festival leave records maintained",Bangladesh Labour Act ss.115-118,Compliant,Compliant,Low,HR & Compliance,,Closed,https://bdlaws.minlaw.gov.bd/act-print-952.html
COMP-EMP0106-08,EMP0106,2026-06-01,Human Resources,Payroll TDS Evidence,Salary withholding reviewed and evidence retained,Income Tax Act 2023 / WHT Rules 2026,Available,Compliant,Low,HR & Compliance,,Closed,https://nbr.gov.bd/regulations/rules/income-tax-rules/eng
COMP-EMP0106-09,EMP0106,2026-06-01,Human Resources,Benefit Enrollment,Eligible employee benefits are recorded and administered,Labour Act/Rules and company policy,Compliant,Compliant,Low,HR & Compliance,,Closed,https://bdlaws.minlaw.gov.bd/act-print-952.html
COMP-EMP0107-01,EMP0107,2026-06-01,Supply Chain,Appointment Letter,Appointment letter issued and retained,Bangladesh Labour Act s.5 / Rules,Yes,Compliant,Low,HR & Compliance,,Closed,https://bdlaws.minlaw.gov.bd/act-print-952.html
COMP-EMP0107-02,EMP0107,2026-06-01,Supply Chain,Photo ID Card,Photo identity card issued,Bangladesh Labour Act s.5,Yes,Compliant,Low,HR & Compliance,,Closed,https://bdlaws.minlaw.gov.bd/act-print-952.html
COMP-EMP0107-03,EMP0107,2026-06-01,Supply Chain,Wage Payment Deadline,Wages paid within seven working days after wage period,Bangladesh Labour Act s.123,Yes,Compliant,Low,HR & Compliance,,Closed,https://bdlaws.minlaw.gov.bd/act-print-952.html
COMP-EMP0107-04,EMP0107,2026-06-01,Supply Chain,Configured Wage Floor,Pay meets current sector/grade wage gazette configured by the user,Bangladesh Labour Act ss.138-140,Yes,Compliant,Low,HR & Compliance,,Closed,https://bdlaws.minlaw.gov.bd/act-print-952.html
COMP-EMP0107-05,EMP0107,2026-06-01,Supply Chain,Overtime Rate,Overtime is paid at the legally required double-rate basis,Bangladesh Labour Act s.108,Yes,Compliant,Low,HR & Compliance,,Closed,https://bdlaws.minlaw.gov.bd/act-print-952.html
COMP-EMP0107-06,EMP0107,2026-06-01,Supply Chain,Working Hours,"Daily/weekly limits, rest break and weekly holiday controls",Bangladesh Labour Act ss.100-103,Yes,Compliant,Low,HR & Compliance,,Closed,https://bdlaws.minlaw.gov.bd/act-print-952.html
COMP-EMP0107-07,EMP0107,2026-06-01,Supply Chain,Leave Records,"Casual, sick, earned and festival leave records maintained",Bangladesh Labour Act ss.115-118,Compliant,Compliant,Low,HR & Compliance,,Closed,https://bdlaws.minlaw.gov.bd/act-print-952.html
COMP-EMP0107-08,EMP0107,2026-06-01,Supply Chain,Payroll TDS Evidence,Salary withholding reviewed and evidence retained,Income Tax Act 2023 / WHT Rules 2026,Not Required/Below Threshold,Compliant,Low,HR & Compliance,,Closed,https://nbr.gov.bd/regulations/rules/income-tax-rules/eng
COMP-EMP0107-09,EMP0107,2026-06-01,Supply Chain,Benefit Enrollment,Eligible employee benefits are recorded and administered,Labour Act/Rules and company policy,Compliant,Compliant,Low,HR & Compliance,,Closed,https://bdlaws.minlaw.gov.bd/act-print-952.html
COMP-EMP0108-01,EMP0108,2026-06-01,Production,Appointment Letter,Appointment letter issued and retained,Bangladesh Labour Act s.5 / Rules,Yes,Compliant,Low,HR & Compliance,,Closed,https://bdlaws.minlaw.gov.bd/act-print-952.html
COMP-EMP0108-02,EMP0108,2026-06-01,Production,Photo ID Card,Photo identity card issued,Bangladesh Labour Act s.5,Yes,Compliant,Low,HR & Compliance,,Closed,https://bdlaws.minlaw.gov.bd/act-print-952.html
COMP-EMP0108-03,EMP0108,2026-06-01,Production,Wage Payment Deadline,Wages paid within seven working days after wage period,Bangladesh Labour Act s.123,Yes,Compliant,Low,HR & Compliance,,Closed,https://bdlaws.minlaw.gov.bd/act-print-952.html
COMP-EMP0108-04,EMP0108,2026-06-01,Production,Configured Wage Floor,Pay meets current sector/grade wage gazette configured by the user,Bangladesh Labour Act ss.138-140,Yes,Compliant,Low,HR & Compliance,,Closed,https://bdlaws.minlaw.gov.bd/act-print-952.html
COMP-EMP0108-05,EMP0108,2026-06-01,Production,Overtime Rate,Overtime is paid at the legally required double-rate basis,Bangladesh Labour Act s.108,Yes,Compliant,Low,HR & Compliance,,Closed,https://bdlaws.minlaw.gov.bd/act-print-952.html
COMP-EMP0108-06,EMP0108,2026-06-01,Production,Working Hours,"Daily/weekly limits, rest break and weekly holiday controls",Bangladesh Labour Act ss.100-103,Yes,Compliant,Low,HR & Compliance,,Closed,https://bdlaws.minlaw.gov.bd/act-print-952.html
COMP-EMP0108-07,EMP0108,2026-06-01,Production,Leave Records,"Casual, sick, earned and festival leave records maintained",Bangladesh Labour Act ss.115-118,Compliant,Compliant,Low,HR & Compliance,,Closed,https://bdlaws.minlaw.gov.bd/act-print-952.html
COMP-EMP0108-08,EMP0108,2026-06-01,Production,Payroll TDS Evidence,Salary withholding reviewed and evidence retained,Income Tax Act 2023 / WHT Rules 2026,Available,Compliant,Low,HR & Compliance,,Closed,https://nbr.gov.bd/regulations/rules/income-tax-rules/eng
COMP-EMP0108-09,EMP0108,2026-06-01,Production,Benefit Enrollment,Eligible employee benefits are recorded and administered,Labour Act/Rules and company policy,Compliant,Compliant,Low,HR & Compliance,,Closed,https://bdlaws.minlaw.gov.bd/act-print-952.html
COMP-EMP0109-01,EMP0109,2026-06-01,Quality Assurance,Appointment Letter,Appointment letter issued and retained,Bangladesh Labour Act s.5 / Rules,Yes,Compliant,Low,HR & Compliance,,Closed,https://bdlaws.minlaw.gov.bd/act-print-952.html
COMP-EMP0109-02,EMP0109,2026-06-01,Quality Assurance,Photo ID Card,Photo identity card issued,Bangladesh Labour Act s.5,Yes,Compliant,Low,HR & Compliance,,Closed,https://bdlaws.minlaw.gov.bd/act-print-952.html
COMP-EMP0109-03,EMP0109,2026-06-01,Quality Assurance,Wage Payment Deadline,Wages paid within seven working days after wage period,Bangladesh Labour Act s.123,Yes,Compliant,Low,HR & Compliance,,Closed,https://bdlaws.minlaw.gov.bd/act-print-952.html
COMP-EMP0109-04,EMP0109,2026-06-01,Quality Assurance,Configured Wage Floor,Pay meets current sector/grade wage gazette configured by the user,Bangladesh Labour Act ss.138-140,Yes,Compliant,Low,HR & Compliance,,Closed,https://bdlaws.minlaw.gov.bd/act-print-952.html
COMP-EMP0109-05,EMP0109,2026-06-01,Quality Assurance,Overtime Rate,Overtime is paid at the legally required double-rate basis,Bangladesh Labour Act s.108,Yes,Compliant,Low,HR & Compliance,,Closed,https://bdlaws.minlaw.gov.bd/act-print-952.html
COMP-EMP0109-06,EMP0109,2026-06-01,Quality Assurance,Working Hours,"Daily/weekly limits, rest break and weekly holiday controls",Bangladesh Labour Act ss.100-103,Yes,Compliant,Low,HR & Compliance,,Closed,https://bdlaws.minlaw.gov.bd/act-print-952.html
COMP-EMP0109-07,EMP0109,2026-06-01,Quality Assurance,Leave Records,"Casual, sick, earned and festival leave records maintained",Bangladesh Labour Act ss.115-118,Compliant,Compliant,Low,HR & Compliance,,Closed,https://bdlaws.minlaw.gov.bd/act-print-952.html
COMP-EMP0109-08,EMP0109,2026-06-01,Quality Assurance,Payroll TDS Evidence,Salary withholding reviewed and evidence retained,Income Tax Act 2023 / WHT Rules 2026,Available,Compliant,Low,HR & Compliance,,Closed,https://nbr.gov.bd/regulations/rules/income-tax-rules/eng
COMP-EMP0109-09,EMP0109,2026-06-01,Quality Assurance,Benefit Enrollment,Eligible employee benefits are recorded and administered,Labour Act/Rules and company policy,Compliant,Compliant,Low,HR & Compliance,,Closed,https://bdlaws.minlaw.gov.bd/act-print-952.html
COMP-EMP0110-01,EMP0110,2026-06-01,Sales & Marketing,Appointment Letter,Appointment letter issued and retained,Bangladesh Labour Act s.5 / Rules,Yes,Compliant,Low,HR & Compliance,,Closed,https://bdlaws.minlaw.gov.bd/act-print-952.html
COMP-EMP0110-02,EMP0110,2026-06-01,Sales & Marketing,Photo ID Card,Photo identity card issued,Bangladesh Labour Act s.5,Yes,Compliant,Low,HR & Compliance,,Closed,https://bdlaws.minlaw.gov.bd/act-print-952.html
COMP-EMP0110-03,EMP0110,2026-06-01,Sales & Marketing,Wage Payment Deadline,Wages paid within seven working days after wage period,Bangladesh Labour Act s.123,Yes,Compliant,Low,HR & Compliance,,Closed,https://bdlaws.minlaw.gov.bd/act-print-952.html
COMP-EMP0110-04,EMP0110,2026-06-01,Sales & Marketing,Configured Wage Floor,Pay meets current sector/grade wage gazette configured by the user,Bangladesh Labour Act ss.138-140,Yes,Compliant,Low,HR & Compliance,,Closed,https://bdlaws.minlaw.gov.bd/act-print-952.html
COMP-EMP0110-05,EMP0110,2026-06-01,Sales & Marketing,Overtime Rate,Overtime is paid at the legally required double-rate basis,Bangladesh Labour Act s.108,Yes,Compliant,Low,HR & Compliance,,Closed,https://bdlaws.minlaw.gov.bd/act-print-952.html
COMP-EMP0110-06,EMP0110,2026-06-01,Sales & Marketing,Working Hours,"Daily/weekly limits, rest break and weekly holiday controls",Bangladesh Labour Act ss.100-103,No,Non-Compliant,High,HR & Compliance,2026-07-31,Open,https://bdlaws.minlaw.gov.bd/act-print-952.html
COMP-EMP0110-07,EMP0110,2026-06-01,Sales & Marketing,Leave Records,"Casual, sick, earned and festival leave records maintained",Bangladesh Labour Act ss.115-118,Compliant,Compliant,Low,HR & Compliance,,Closed,https://bdlaws.minlaw.gov.bd/act-print-952.html
COMP-EMP0110-08,EMP0110,2026-06-01,Sales & Marketing,Payroll TDS Evidence,Salary withholding reviewed and evidence retained,Income Tax Act 2023 / WHT Rules 2026,Available,Compliant,Low,HR & Compliance,,Closed,https://nbr.gov.bd/regulations/rules/income-tax-rules/eng
COMP-EMP0110-09,EMP0110,2026-06-01,Sales & Marketing,Benefit Enrollment,Eligible employee benefits are recorded and administered,Labour Act/Rules and company policy,Compliant,Compliant,Low,HR & Compliance,,Closed,https://bdlaws.minlaw.gov.bd/act-print-952.html
COMP-EMP0111-01,EMP0111,2026-06-01,Human Resources,Appointment Letter,Appointment letter issued and retained,Bangladesh Labour Act s.5 / Rules,Yes,Compliant,Low,HR & Compliance,,Closed,https://bdlaws.minlaw.gov.bd/act-print-952.html
COMP-EMP0111-02,EMP0111,2026-06-01,Human Resources,Photo ID Card,Photo identity card issued,Bangladesh Labour Act s.5,Yes,Compliant,Low,HR & Compliance,,Closed,https://bdlaws.minlaw.gov.bd/act-print-952.html
COMP-EMP0111-03,EMP0111,2026-06-01,Human Resources,Wage Payment Deadline,Wages paid within seven working days after wage period,Bangladesh Labour Act s.123,Yes,Compliant,Low,HR & Compliance,,Closed,https://bdlaws.minlaw.gov.bd/act-print-952.html
COMP-EMP0111-04,EMP0111,2026-06-01,Human Resources,Configured Wage Floor,Pay meets current sector/grade wage gazette configured by the user,Bangladesh Labour Act ss.138-140,Yes,Compliant,Low,HR & Compliance,,Closed,https://bdlaws.minlaw.gov.bd/act-print-952.html
COMP-EMP0111-05,EMP0111,2026-06-01,Human Resources,Overtime Rate,Overtime is paid at the legally required double-rate basis,Bangladesh Labour Act s.108,Yes,Compliant,Low,HR & Compliance,,Closed,https://bdlaws.minlaw.gov.bd/act-print-952.html
COMP-EMP0111-06,EMP0111,2026-06-01,Human Resources,Working Hours,"Daily/weekly limits, rest break and weekly holiday controls",Bangladesh Labour Act ss.100-103,Yes,Compliant,Low,HR & Compliance,,Closed,https://bdlaws.minlaw.gov.bd/act-print-952.html
COMP-EMP0111-07,EMP0111,2026-06-01,Human Resources,Leave Records,"Casual, sick, earned and festival leave records maintained",Bangladesh Labour Act ss.115-118,Compliant,Compliant,Low,HR & Compliance,,Closed,https://bdlaws.minlaw.gov.bd/act-print-952.html
COMP-EMP0111-08,EMP0111,2026-06-01,Human Resources,Payroll TDS Evidence,Salary withholding reviewed and evidence retained,Income Tax Act 2023 / WHT Rules 2026,Missing,Non-Compliant,Medium,HR & Compliance,2026-07-31,Open,https://nbr.gov.bd/regulations/rules/income-tax-rules/eng
COMP-EMP0111-09,EMP0111,2026-06-01,Human Resources,Benefit Enrollment,Eligible employee benefits are recorded and administered,Labour Act/Rules and company policy,Compliant,Compliant,Low,HR & Compliance,,Closed,https://bdlaws.minlaw.gov.bd/act-print-952.html
COMP-EMP0112-01,EMP0112,2026-06-01,Production,Appointment Letter,Appointment letter issued and retained,Bangladesh Labour Act s.5 / Rules,Yes,Compliant,Low,HR & Compliance,,Closed,https://bdlaws.minlaw.gov.bd/act-print-952.html
COMP-EMP0112-02,EMP0112,2026-06-01,Production,Photo ID Card,Photo identity card issued,Bangladesh Labour Act s.5,Yes,Compliant,Low,HR & Compliance,,Closed,https://bdlaws.minlaw.gov.bd/act-print-952.html
COMP-EMP0112-03,EMP0112,2026-06-01,Production,Wage Payment Deadline,Wages paid within seven working days after wage period,Bangladesh Labour Act s.123,Yes,Compliant,Low,HR & Compliance,,Closed,https://bdlaws.minlaw.gov.bd/act-print-952.html
COMP-EMP0112-04,EMP0112,2026-06-01,Production,Configured Wage Floor,Pay meets current sector/grade wage gazette configured by the user,Bangladesh Labour Act ss.138-140,Yes,Compliant,Low,HR & Compliance,,Closed,https://bdlaws.minlaw.gov.bd/act-print-952.html
COMP-EMP0112-05,EMP0112,2026-06-01,Production,Overtime Rate,Overtime is paid at the legally required double-rate basis,Bangladesh Labour Act s.108,Yes,Compliant,Low,HR & Compliance,,Closed,https://bdlaws.minlaw.gov.bd/act-print-952.html
COMP-EMP0112-06,EMP0112,2026-06-01,Production,Working Hours,"Daily/weekly limits, rest break and weekly holiday controls",Bangladesh Labour Act ss.100-103,Yes,Compliant,Low,HR & Compliance,,Closed,https://bdlaws.minlaw.gov.bd/act-print-952.html
COMP-EMP0112-07,EMP0112,2026-06-01,Production,Leave Records,"Casual, sick, earned and festival leave records maintained",Bangladesh Labour Act ss.115-118,Compliant,Compliant,Low,HR & Compliance,,Closed,https://bdlaws.minlaw.gov.bd/act-print-952.html
COMP-EMP0112-08,EMP0112,2026-06-01,Production,Payroll TDS Evidence,Salary withholding reviewed and evidence retained,Income Tax Act 2023 / WHT Rules 2026,Not Required/Below Threshold,Compliant,Low,HR & Compliance,,Closed,https://nbr.gov.bd/regulations/rules/income-tax-rules/eng
COMP-EMP0112-09,EMP0112,2026-06-01,Production,Benefit Enrollment,Eligible employee benefits are recorded and administered,Labour Act/Rules and company policy,Compliant,Compliant,Low,HR & Compliance,,Closed,https://bdlaws.minlaw.gov.bd/act-print-952.html
COMP-EMP0113-01,EMP0113,2026-06-01,Maintenance,Appointment Letter,Appointment letter issued and retained,Bangladesh Labour Act s.5 / Rules,Yes,Compliant,Low,HR & Compliance,,Closed,https://bdlaws.minlaw.gov.bd/act-print-952.html
COMP-EMP0113-02,EMP0113,2026-06-01,Maintenance,Photo ID Card,Photo identity card issued,Bangladesh Labour Act s.5,Yes,Compliant,Low,HR & Compliance,,Closed,https://bdlaws.minlaw.gov.bd/act-print-952.html
COMP-EMP0113-03,EMP0113,2026-06-01,Maintenance,Wage Payment Deadline,Wages paid within seven working days after wage period,Bangladesh Labour Act s.123,N/A,Compliant,Low,HR & Compliance,,Closed,https://bdlaws.minlaw.gov.bd/act-print-952.html
COMP-EMP0113-04,EMP0113,2026-06-01,Maintenance,Configured Wage Floor,Pay meets current sector/grade wage gazette configured by the user,Bangladesh Labour Act ss.138-140,N/A,Compliant,Low,HR & Compliance,,Closed,https://bdlaws.minlaw.gov.bd/act-print-952.html
COMP-EMP0113-05,EMP0113,2026-06-01,Maintenance,Overtime Rate,Overtime is paid at the legally required double-rate basis,Bangladesh Labour Act s.108,N/A,Compliant,Low,HR & Compliance,,Closed,https://bdlaws.minlaw.gov.bd/act-print-952.html
COMP-EMP0113-06,EMP0113,2026-06-01,Maintenance,Working Hours,"Daily/weekly limits, rest break and weekly holiday controls",Bangladesh Labour Act ss.100-103,N/A,Compliant,Low,HR & Compliance,,Closed,https://bdlaws.minlaw.gov.bd/act-print-952.html
COMP-EMP0113-07,EMP0113,2026-06-01,Maintenance,Leave Records,"Casual, sick, earned and festival leave records maintained",Bangladesh Labour Act ss.115-118,Compliant,Compliant,Low,HR & Compliance,,Closed,https://bdlaws.minlaw.gov.bd/act-print-952.html
COMP-EMP0113-08,EMP0113,2026-06-01,Maintenance,Payroll TDS Evidence,Salary withholding reviewed and evidence retained,Income Tax Act 2023 / WHT Rules 2026,Available,Compliant,Low,HR & Compliance,,Closed,https://nbr.gov.bd/regulations/rules/income-tax-rules/eng
COMP-EMP0113-09,EMP0113,2026-06-01,Maintenance,Benefit Enrollment,Eligible employee benefits are recorded and administered,Labour Act/Rules and company policy,Compliant,Compliant,Low,HR & Compliance,,Closed,https://bdlaws.minlaw.gov.bd/act-print-952.html
COMP-EMP0114-01,EMP0114,2026-06-01,Finance & Accounts,Appointment Letter,Appointment letter issued and retained,Bangladesh Labour Act s.5 / Rules,Yes,Compliant,Low,HR & Compliance,,Closed,https://bdlaws.minlaw.gov.bd/act-print-952.html
COMP-EMP0114-02,EMP0114,2026-06-01,Finance & Accounts,Photo ID Card,Photo identity card issued,Bangladesh Labour Act s.5,Yes,Compliant,Low,HR & Compliance,,Closed,https://bdlaws.minlaw.gov.bd/act-print-952.html
COMP-EMP0114-03,EMP0114,2026-06-01,Finance & Accounts,Wage Payment Deadline,Wages paid within seven working days after wage period,Bangladesh Labour Act s.123,N/A,Compliant,Low,HR & Compliance,,Closed,https://bdlaws.minlaw.gov.bd/act-print-952.html
COMP-EMP0114-04,EMP0114,2026-06-01,Finance & Accounts,Configured Wage Floor,Pay meets current sector/grade wage gazette configured by the user,Bangladesh Labour Act ss.138-140,N/A,Compliant,Low,HR & Compliance,,Closed,https://bdlaws.minlaw.gov.bd/act-print-952.html
COMP-EMP0114-05,EMP0114,2026-06-01,Finance & Accounts,Overtime Rate,Overtime is paid at the legally required double-rate basis,Bangladesh Labour Act s.108,N/A,Compliant,Low,HR & Compliance,,Closed,https://bdlaws.minlaw.gov.bd/act-print-952.html
COMP-EMP0114-06,EMP0114,2026-06-01,Finance & Accounts,Working Hours,"Daily/weekly limits, rest break and weekly holiday controls",Bangladesh Labour Act ss.100-103,N/A,Compliant,Low,HR & Compliance,,Closed,https://bdlaws.minlaw.gov.bd/act-print-952.html
COMP-EMP0114-07,EMP0114,2026-06-01,Finance & Accounts,Leave Records,"Casual, sick, earned and festival leave records maintained",Bangladesh Labour Act ss.115-118,Compliant,Compliant,Low,HR & Compliance,,Closed,https://bdlaws.minlaw.gov.bd/act-print-952.html
COMP-EMP0114-08,EMP0114,2026-06-01,Finance & Accounts,Payroll TDS Evidence,Salary withholding reviewed and evidence retained,Income Tax Act 2023 / WHT Rules 2026,Not Required/Below Threshold,Compliant,Low,HR & Compliance,,Closed,https://nbr.gov.bd/regulations/rules/income-tax-rules/eng
COMP-EMP0114-09,EMP0114,2026-06-01,Finance & Accounts,Benefit Enrollment,Eligible employee benefits are recorded and administered,Labour Act/Rules and company policy,Compliant,Compliant,Low,HR & Compliance,,Closed,https://bdlaws.minlaw.gov.bd/act-print-952.html
COMP-EMP0115-01,EMP0115,2026-06-01,Production,Appointment Letter,Appointment letter issued and retained,Bangladesh Labour Act s.5 / Rules,Yes,Compliant,Low,HR & Compliance,,Closed,https://bdlaws.minlaw.gov.bd/act-print-952.html
COMP-EMP0115-02,EMP0115,2026-06-01,Production,Photo ID Card,Photo identity card issued,Bangladesh Labour Act s.5,Yes,Compliant,Low,HR & Compliance,,Closed,https://bdlaws.minlaw.gov.bd/act-print-952.html
COMP-EMP0115-03,EMP0115,2026-06-01,Production,Wage Payment Deadline,Wages paid within seven working days after wage period,Bangladesh Labour Act s.123,N/A,Compliant,Low,HR & Compliance,,Closed,https://bdlaws.minlaw.gov.bd/act-print-952.html
COMP-EMP0115-04,EMP0115,2026-06-01,Production,Configured Wage Floor,Pay meets current sector/grade wage gazette configured by the user,Bangladesh Labour Act ss.138-140,N/A,Compliant,Low,HR & Compliance,,Closed,https://bdlaws.minlaw.gov.bd/act-print-952.html
COMP-EMP0115-05,EMP0115,2026-06-01,Production,Overtime Rate,Overtime is paid at the legally required double-rate basis,Bangladesh Labour Act s.108,N/A,Compliant,Low,HR & Compliance,,Closed,https://bdlaws.minlaw.gov.bd/act-print-952.html
COMP-EMP0115-06,EMP0115,2026-06-01,Production,Working Hours,"Daily/weekly limits, rest break and weekly holiday controls",Bangladesh Labour Act ss.100-103,N/A,Compliant,Low,HR & Compliance,,Closed,https://bdlaws.minlaw.gov.bd/act-print-952.html
COMP-EMP0115-07,EMP0115,2026-06-01,Production,Leave Records,"Casual, sick, earned and festival leave records maintained",Bangladesh Labour Act ss.115-118,Compliant,Compliant,Low,HR & Compliance,,Closed,https://bdlaws.minlaw.gov.bd/act-print-952.html
COMP-EMP0115-08,EMP0115,2026-06-01,Production,Payroll TDS Evidence,Salary withholding reviewed and evidence retained,Income Tax Act 2023 / WHT Rules 2026,Not Required/Below Threshold,Compliant,Low,HR & Compliance,,Closed,https://nbr.gov.bd/regulations/rules/income-tax-rules/eng
COMP-EMP0115-09,EMP0115,2026-06-01,Production,Benefit Enrollment,Eligible employee benefits are recorded and administered,Labour Act/Rules and company policy,Compliant,Compliant,Low,HR & Compliance,,Closed,https://bdlaws.minlaw.gov.bd/act-print-952.html
COMP-EMP0116-01,EMP0116,2026-06-01,Production,Appointment Letter,Appointment letter issued and retained,Bangladesh Labour Act s.5 / Rules,Yes,Compliant,Low,HR & Compliance,,Closed,https://bdlaws.minlaw.gov.bd/act-print-952.html
COMP-EMP0116-02,EMP0116,2026-06-01,Production,Photo ID Card,Photo identity card issued,Bangladesh Labour Act s.5,Yes,Compliant,Low,HR & Compliance,,Closed,https://bdlaws.minlaw.gov.bd/act-print-952.html
COMP-EMP0116-03,EMP0116,2026-06-01,Production,Wage Payment Deadline,Wages paid within seven working days after wage period,Bangladesh Labour Act s.123,N/A,Compliant,Low,HR & Compliance,,Closed,https://bdlaws.minlaw.gov.bd/act-print-952.html
COMP-EMP0116-04,EMP0116,2026-06-01,Production,Configured Wage Floor,Pay meets current sector/grade wage gazette configured by the user,Bangladesh Labour Act ss.138-140,N/A,Compliant,Low,HR & Compliance,,Closed,https://bdlaws.minlaw.gov.bd/act-print-952.html
COMP-EMP0116-05,EMP0116,2026-06-01,Production,Overtime Rate,Overtime is paid at the legally required double-rate basis,Bangladesh Labour Act s.108,N/A,Compliant,Low,HR & Compliance,,Closed,https://bdlaws.minlaw.gov.bd/act-print-952.html
COMP-EMP0116-06,EMP0116,2026-06-01,Production,Working Hours,"Daily/weekly limits, rest break and weekly holiday controls",Bangladesh Labour Act ss.100-103,N/A,Compliant,Low,HR & Compliance,,Closed,https://bdlaws.minlaw.gov.bd/act-print-952.html
COMP-EMP0116-07,EMP0116,2026-06-01,Production,Leave Records,"Casual, sick, earned and festival leave records maintained",Bangladesh Labour Act ss.115-118,Compliant,Compliant,Low,HR & Compliance,,Closed,https://bdlaws.minlaw.gov.bd/act-print-952.html
COMP-EMP0116-08,EMP0116,2026-06-01,Production,Payroll TDS Evidence,Salary withholding reviewed and evidence retained,Income Tax Act 2023 / WHT Rules 2026,Not Required/Below Threshold,Compliant,Low,HR & Compliance,,Closed,https://nbr.gov.bd/regulations/rules/income-tax-rules/eng
COMP-EMP0116-09,EMP0116,2026-06-01,Production,Benefit Enrollment,Eligible employee benefits are recorded and administered,Labour Act/Rules and company policy,Compliant,Compliant,Low,HR & Compliance,,Closed,https://bdlaws.minlaw.gov.bd/act-print-952.html
COMP-EMP0117-01,EMP0117,2026-06-01,Supply Chain,Appointment Letter,Appointment letter issued and retained,Bangladesh Labour Act s.5 / Rules,Yes,Compliant,Low,HR & Compliance,,Closed,https://bdlaws.minlaw.gov.bd/act-print-952.html
COMP-EMP0117-02,EMP0117,2026-06-01,Supply Chain,Photo ID Card,Photo identity card issued,Bangladesh Labour Act s.5,Yes,Compliant,Low,HR & Compliance,,Closed,https://bdlaws.minlaw.gov.bd/act-print-952.html
COMP-EMP0117-03,EMP0117,2026-06-01,Supply Chain,Wage Payment Deadline,Wages paid within seven working days after wage period,Bangladesh Labour Act s.123,N/A,Compliant,Low,HR & Compliance,,Closed,https://bdlaws.minlaw.gov.bd/act-print-952.html
COMP-EMP0117-04,EMP0117,2026-06-01,Supply Chain,Configured Wage Floor,Pay meets current sector/grade wage gazette configured by the user,Bangladesh Labour Act ss.138-140,N/A,Compliant,Low,HR & Compliance,,Closed,https://bdlaws.minlaw.gov.bd/act-print-952.html
COMP-EMP0117-05,EMP0117,2026-06-01,Supply Chain,Overtime Rate,Overtime is paid at the legally required double-rate basis,Bangladesh Labour Act s.108,N/A,Compliant,Low,HR & Compliance,,Closed,https://bdlaws.minlaw.gov.bd/act-print-952.html
COMP-EMP0117-06,EMP0117,2026-06-01,Supply Chain,Working Hours,"Daily/weekly limits, rest break and weekly holiday controls",Bangladesh Labour Act ss.100-103,N/A,Compliant,Low,HR & Compliance,,Closed,https://bdlaws.minlaw.gov.bd/act-print-952.html
COMP-EMP0117-07,EMP0117,2026-06-01,Supply Chain,Leave Records,"Casual, sick, earned and festival leave records maintained",Bangladesh Labour Act ss.115-118,Compliant,Compliant,Low,HR & Compliance,,Closed,https://bdlaws.minlaw.gov.bd/act-print-952.html
COMP-EMP0117-08,EMP0117,2026-06-01,Supply Chain,Payroll TDS Evidence,Salary withholding reviewed and evidence retained,Income Tax Act 2023 / WHT Rules 2026,Available,Compliant,Low,HR & Compliance,,Closed,https://nbr.gov.bd/regulations/rules/income-tax-rules/eng
COMP-EMP0117-09,EMP0117,2026-06-01,Supply Chain,Benefit Enrollment,Eligible employee benefits are recorded and administered,Labour Act/Rules and company policy,Compliant,Compliant,Low,HR & Compliance,,Closed,https://bdlaws.minlaw.gov.bd/act-print-952.html
COMP-EMP0118-01,EMP0118,2026-06-01,Supply Chain,Appointment Letter,Appointment letter issued and retained,Bangladesh Labour Act s.5 / Rules,Yes,Compliant,Low,HR & Compliance,,Closed,https://bdlaws.minlaw.gov.bd/act-print-952.html
COMP-EMP0118-02,EMP0118,2026-06-01,Supply Chain,Photo ID Card,Photo identity card issued,Bangladesh Labour Act s.5,Yes,Compliant,Low,HR & Compliance,,Closed,https://bdlaws.minlaw.gov.bd/act-print-952.html
COMP-EMP0118-03,EMP0118,2026-06-01,Supply Chain,Wage Payment Deadline,Wages paid within seven working days after wage period,Bangladesh Labour Act s.123,Yes,Compliant,Low,HR & Compliance,,Closed,https://bdlaws.minlaw.gov.bd/act-print-952.html
COMP-EMP0118-04,EMP0118,2026-06-01,Supply Chain,Configured Wage Floor,Pay meets current sector/grade wage gazette configured by the user,Bangladesh Labour Act ss.138-140,Yes,Compliant,Low,HR & Compliance,,Closed,https://bdlaws.minlaw.gov.bd/act-print-952.html
COMP-EMP0118-05,EMP0118,2026-06-01,Supply Chain,Overtime Rate,Overtime is paid at the legally required double-rate basis,Bangladesh Labour Act s.108,Yes,Compliant,Low,HR & Compliance,,Closed,https://bdlaws.minlaw.gov.bd/act-print-952.html
COMP-EMP0118-06,EMP0118,2026-06-01,Supply Chain,Working Hours,"Daily/weekly limits, rest break and weekly holiday controls",Bangladesh Labour Act ss.100-103,Yes,Compliant,Low,HR & Compliance,,Closed,https://bdlaws.minlaw.gov.bd/act-print-952.html
COMP-EMP0118-07,EMP0118,2026-06-01,Supply Chain,Leave Records,"Casual, sick, earned and festival leave records maintained",Bangladesh Labour Act ss.115-118,Compliant,Compliant,Low,HR & Compliance,,Closed,https://bdlaws.minlaw.gov.bd/act-print-952.html
COMP-EMP0118-08,EMP0118,2026-06-01,Supply Chain,Payroll TDS Evidence,Salary withholding reviewed and evidence retained,Income Tax Act 2023 / WHT Rules 2026,Available,Compliant,Low,HR & Compliance,,Closed,https://nbr.gov.bd/regulations/rules/income-tax-rules/eng
COMP-EMP0118-09,EMP0118,2026-06-01,Supply Chain,Benefit Enrollment,Eligible employee benefits are recorded and administered,Labour Act/Rules and company policy,Compliant,Compliant,Low,HR & Compliance,,Closed,https://bdlaws.minlaw.gov.bd/act-print-952.html
COMP-EMP0119-01,EMP0119,2026-06-01,Human Resources,Appointment Letter,Appointment letter issued and retained,Bangladesh Labour Act s.5 / Rules,Yes,Compliant,Low,HR & Compliance,,Closed,https://bdlaws.minlaw.gov.bd/act-print-952.html
COMP-EMP0119-02,EMP0119,2026-06-01,Human Resources,Photo ID Card,Photo identity card issued,Bangladesh Labour Act s.5,Yes,Compliant,Low,HR & Compliance,,Closed,https://bdlaws.minlaw.gov.bd/act-print-952.html
COMP-EMP0119-03,EMP0119,2026-06-01,Human Resources,Wage Payment Deadline,Wages paid within seven working days after wage period,Bangladesh Labour Act s.123,N/A,Compliant,Low,HR & Compliance,,Closed,https://bdlaws.minlaw.gov.bd/act-print-952.html
COMP-EMP0119-04,EMP0119,2026-06-01,Human Resources,Configured Wage Floor,Pay meets current sector/grade wage gazette configured by the user,Bangladesh Labour Act ss.138-140,N/A,Compliant,Low,HR & Compliance,,Closed,https://bdlaws.minlaw.gov.bd/act-print-952.html
COMP-EMP0119-05,EMP0119,2026-06-01,Human Resources,Overtime Rate,Overtime is paid at the legally required double-rate basis,Bangladesh Labour Act s.108,N/A,Compliant,Low,HR & Compliance,,Closed,https://bdlaws.minlaw.gov.bd/act-print-952.html
COMP-EMP0119-06,EMP0119,2026-06-01,Human Resources,Working Hours,"Daily/weekly limits, rest break and weekly holiday controls",Bangladesh Labour Act ss.100-103,N/A,Compliant,Low,HR & Compliance,,Closed,https://bdlaws.minlaw.gov.bd/act-print-952.html
COMP-EMP0119-07,EMP0119,2026-06-01,Human Resources,Leave Records,"Casual, sick, earned and festival leave records maintained",Bangladesh Labour Act ss.115-118,Compliant,Compliant,Low,HR & Compliance,,Closed,https://bdlaws.minlaw.gov.bd/act-print-952.html
COMP-EMP0119-08,EMP0119,2026-06-01,Human Resources,Payroll TDS Evidence,Salary withholding reviewed and evidence retained,Income Tax Act 2023 / WHT Rules 2026,Available,Compliant,Low,HR & Compliance,,Closed,https://nbr.gov.bd/regulations/rules/income-tax-rules/eng
COMP-EMP0119-09,EMP0119,2026-06-01,Human Resources,Benefit Enrollment,Eligible employee benefits are recorded and administered,Labour Act/Rules and company policy,Compliant,Compliant,Low,HR & Compliance,,Closed,https://bdlaws.minlaw.gov.bd/act-print-952.html
COMP-EMP0120-01,EMP0120,2026-06-01,Production,Appointment Letter,Appointment letter issued and retained,Bangladesh Labour Act s.5 / Rules,Yes,Compliant,Low,HR & Compliance,,Closed,https://bdlaws.minlaw.gov.bd/act-print-952.html
COMP-EMP0120-02,EMP0120,2026-06-01,Production,Photo ID Card,Photo identity card issued,Bangladesh Labour Act s.5,Yes,Compliant,Low,HR & Compliance,,Closed,https://bdlaws.minlaw.gov.bd/act-print-952.html
COMP-EMP0120-03,EMP0120,2026-06-01,Production,Wage Payment Deadline,Wages paid within seven working days after wage period,Bangladesh Labour Act s.123,N/A,Compliant,Low,HR & Compliance,,Closed,https://bdlaws.minlaw.gov.bd/act-print-952.html
COMP-EMP0120-04,EMP0120,2026-06-01,Production,Configured Wage Floor,Pay meets current sector/grade wage gazette configured by the user,Bangladesh Labour Act ss.138-140,N/A,Compliant,Low,HR & Compliance,,Closed,https://bdlaws.minlaw.gov.bd/act-print-952.html
COMP-EMP0120-05,EMP0120,2026-06-01,Production,Overtime Rate,Overtime is paid at the legally required double-rate basis,Bangladesh Labour Act s.108,N/A,Compliant,Low,HR & Compliance,,Closed,https://bdlaws.minlaw.gov.bd/act-print-952.html
COMP-EMP0120-06,EMP0120,2026-06-01,Production,Working Hours,"Daily/weekly limits, rest break and weekly holiday controls",Bangladesh Labour Act ss.100-103,N/A,Compliant,Low,HR & Compliance,,Closed,https://bdlaws.minlaw.gov.bd/act-print-952.html
COMP-EMP0120-07,EMP0120,2026-06-01,Production,Leave Records,"Casual, sick, earned and festival leave records maintained",Bangladesh Labour Act ss.115-118,Compliant,Compliant,Low,HR & Compliance,,Closed,https://bdlaws.minlaw.gov.bd/act-print-952.html
COMP-EMP0120-08,EMP0120,2026-06-01,Production,Payroll TDS Evidence,Salary withholding reviewed and evidence retained,Income Tax Act 2023 / WHT Rules 2026,Not Required/Below Threshold,Compliant,Low,HR & Compliance,,Closed,https://nbr.gov.bd/regulations/rules/income-tax-rules/eng
COMP-EMP0120-09,EMP0120,2026-06-01,Production,Benefit Enrollment,Eligible employee benefits are recorded and administered,Labour Act/Rules and company policy,Compliant,Compliant,Low,HR & Compliance,,Closed,https://bdlaws.minlaw.gov.bd/act-print-952.html
